feature	SOKP01	Cutibacterium	Streptomyces	Bifidobacterium	Bifidobacterium.1	Microbacterium	NM07.P.09	Deinococcus	Pseudomonas_E	Pseudomonas	Halomonas	Acidibacter	ZC4RG30	Methylophaga	Thiomicrorhabdus	Hylemonella	Variovorax	Limnohabitans	Acidovorax	Pelomonas	Aquabacterium	Aquabacterium.1	Aquincola	Lautropia	Undibacterium	Massilia	Herbaspirillum	Herbaspirillum.1	Ralstonia	Neisseria	Moraxella_A	Moraxella	Acinetobacter	Klebsiella	Vibrio	Brevundimonas	Caulobacter	Tardiphaga	Bradyrhizobium	Methylobacterium.Methylorubrum	Methylobacterium	Bosea	Nereida	HIMB11	Phaeobacter	Erythrobacter	Qipengyuania	Novosphingobium	Sphingomonas	Pelagibacter	VGCI01	Rikenella	Odoribacter	Alistipes	Phocaeicola	Bacteroides	Prevotella	Cryptobacteroides	Desulfovibrio	Desulfovibrio.1	Desulfovibrio.2	Mucispirillum	Fimbriiglobus	Dysosmobacter	Pelethomonas	Enterenecus	Neglecta	Eubacterium_R	HGM12619	UBA3282	COE1	Lachnospiraceae.NK4A136.group	Gemella	Ligilactobacillus	Lactobacillus	Clostridium	Turicibacter	Staphylococcus	Priestia	Niallia	Rossellomorea	Anaerobacillus	Ileibacterium	Dubosiella	Faecalibaculum	Stenotrophomonas	Lacticaseibacillus	Duncaniella	CAG.485	Duncaniella.1	UBA7173	Paramuribaculum	Muribaculum	Streptococcus
71HT8.fastq	-8.22935292306665	-8.7147797502369	-13.3741791345532	-14.7020103080886	-7.97781415607069	-14.4697371967806	-13.0304947197495	-5.83159341521965	-4.10728503616338	-1.64773386541987	-7.32398979720473	-7.16223872720812	-8.01680828768655	-8.39927792450897	-7.3611427956222	-13.927098916031	-12.6157215840088	-8.74720122792927	-8.65204399488893	-6.84908084194849	-14.2817851707837	-8.0981083897884	-14.4737374540671	-7.79724191042887	-14.4729763549577	-5.21794815979441	-8.37374283240183	-15.0640269646657	-5.94453800119639	-12.0335213280013	-9.74720122792927	-8.348651851439	-1.8526590247484	-13.4384020227968	-14.1616830258014	-14.2406795487735	-14.5881680566627	-14.7249046011605	-7.03670784512426	-8.07734982962161	-7.16223872720812	-14.6615554424678	-12.6216703458454	-6.58458102711019	-13.6678876912915	-9.50619312842548	-13.4729763549577	-8.95870533312299	-5.37374283240183	-9.03670784512426	-14.7249046011605	-8.68307089050956	-6.90285209838947	-8.84908084194849	-8.05688572706189	-14.352687178175	-7.99717948093762	-6.99717948093762	-12.8745971924016	-10.2997422509581	-6.21794815979441	-12.3247993548187	-14.9591416352744	-12.8301190254445	-12.6325976744462	-8.84908084194849	-13.047635173725	-12.4517906496726	-13.381079385056	-8.22935292306665	-13.6034718063924	-6.1405436561088	-13.0680584780199	-13.5323559252888	-4.51140455507082	-8.11917000531623	-13.4541279012774	-14.5850799027671	-13.451146704366	-14.3924963173218	-13.6650186112167	-13.0242162374208	-11.8605327692339	-7.50619312842548	-6.96822810724149	-8.65204399488893	-13.3459595964041	-5.84468907283133	-6.50619312842548	-12.9473934245677	-10.0367078451243	-7.24084856190448	-10.7472012279293	-10.3121883834926
43CT5.fastq	-6.24515652472336	-9.12967930730342	-13.3741791345532	-14.7020103080886	-8.58219151200093	-14.4697371967806	-10.0227641033869	-15.4729763549577	-7.97213803031694	-5.0035705381536	-9.6601940240022	-9.37068740680722	-11.8301190254445	-1.74996771583043	-1.01754058130914	-13.927098916031	-12.6157215840088	-8.74265618419417	-14.234268583804	-9.12967930730342	-14.2817851707837	-13.7767414433999	-14.4737374540671	-13.6489192697882	-14.4729763549577	-15.2465179431889	-15.1263818305426	-15.0640269646657	-15.1169530788488	-8.74265618419417	-13.7420988697783	-9.12967930730342	-6.89938168788163	-9.37068740680722	-14.1616830258014	-14.2406795487735	-14.5881680566627	-14.7249046011605	-13.8957961505405	-15.4700868678253	-14.8881724496659	-14.6615554424678	-9.12967930730342	-12.5636729598275	-7.24515652472336	-13.0242162374208	-13.4729763549577	-10.2451565247234	-10.5081909305572	-12.0200076319992	-14.7249046011605	-13.9591416352744	-7.3065570693875	-13.8661842036449	-10.5081909305572	-14.352687178175	-14.0233645235179	-6.60130033494863	-10.0227641033869	-8.12967930730342	-7.15769368347302	-12.3247993548187	-14.9591416352744	-11.8301190254445	-12.6325976744462	-11.7171623071112	-10.8301190254445	-9.50819093055715	-13.381079385056	-7.83011902544451	-13.6034718063924	-6.38717552959579	-13.0680584780199	-13.5323559252888	-5.44641473297046	-10.2451565247234	-13.4541279012774	-14.5850799027671	-13.451146704366	-14.3924963173218	-13.6650186112167	-13.0242162374208	-11.8605327692339	-7.70083600849955	-6.03570315909441	-10.8301190254445	-13.3459595964041	-6.8528391019446	-6.6601940240022	-12.9473934245677	-11.8301190254445	-6.54471680658227	-8.50819093055715	-10.3121883834926
50HT6.fastq	-8.28671629330289	-9.95914163527438	-12.3741791345532	-14.7020103080886	-9.91474751591593	-14.4697371967806	-13.0304947197495	-15.4729763549577	-3.799270298496	-0.340985587495926	-8.93677382224593	-11.637213540387	-11.9591416352744	-13.352687178175	-9.0284042977115	-13.927098916031	-12.6157215840088	-12.8605327692339	-14.234268583804	-9.46728853894471	-10.637213540387	-9.43557967921737	-14.4737374540671	-13.6489192697882	-14.4729763549577	-8.43557967921737	-11.4997100166371	-15.0640269646657	-8.95914163527438	-12.0335213280013	-13.7420988697783	-13.6049701327204	-5.8144833924425	-13.4384020227968	-14.1616830258014	-14.2406795487735	-11.9591416352744	-10.7892166338321	-10.3152854454997	-9.46728853894471	-8.95914163527438	-11.4997100166371	-11.4997100166371	-12.5636729598275	-13.6678876912915	-13.0242162374208	-13.4729763549577	-6.56253685409253	-9.40455278359675	-12.0200076319992	-14.7249046011605	-12.9591416352744	-7.9933573506123	-8.49971001663709	-12.5120614167522	-14.352687178175	-10.1517867132168	-6.50381441496982	-12.8745971924016	-11.1517867132168	-9.17778192174972	-12.3247993548187	-13.9591416352744	-12.8301190254445	-10.3152854454997	-11.7171623071112	-13.047635173725	-8.43557967921737	-13.381079385056	-7.78921663383207	-13.6034718063924	-6.58845422846717	-13.0680584780199	-9.67373941641214	-6.16472576892428	-13.6678876912915	-13.4541279012774	-14.5850799027671	-9.15178671321678	-14.3924963173218	-13.6650186112167	-13.0242162374208	-8.46728853894471	-7.27264110809117	-13.1884343071136	-11.927098916031	-13.3459595964041	-7.40455278359675	-7.32251701473074	-10.5668242124956	-12.8301190254445	-8.51619813942566	-8.30093015252259	-10.3121883834926
22HT3.fastq	-6.18586654531133	-8.61470984411521	-13.3741791345532	-14.7020103080886	-7.22768672100596	-14.4697371967806	-13.0304947197495	-15.4729763549577	-4.00681053211689	-0.530105847476576	-8.06722204881271	-13.7020103080886	-14.0215872981245	-8.14522456081399	-7.99322146736894	-13.927098916031	-12.6157215840088	-9.5077946401987	-14.234268583804	-14.4737374540671	-14.2817851707837	-13.7767414433999	-14.4737374540671	-9.14522456081399	-14.4729763549577	-7.99322146736894	-15.1263818305426	-15.0640269646657	-9.14522456081399	-12.0335213280013	-13.7420988697783	-8.3151495622563	-6.24906037179853	-13.4384020227968	-14.1616830258014	-14.2406795487735	-14.5881680566627	-14.7249046011605	-13.8957961505405	-15.4700868678253	-9.3151495622563	-14.6615554424678	-9.99322146736894	-12.5636729598275	-13.6678876912915	-9.14522456081399	-13.4729763549577	-8.99322146736894	-10.7301870615351	-12.0200076319992	-14.7249046011605	-9.5077946401987	-6.56026206009283	-13.8661842036449	-8.61470984411521	-14.352687178175	-8.3151495622563	-5.18586654531133	-12.8745971924016	-12.894655386031	-7.61470984411521	-12.3247993548187	-14.9591416352744	-12.8301190254445	-12.6325976744462	-11.7171623071112	-13.047635173725	-12.4517906496726	-13.381079385056	-6.8888848075542	-13.6034718063924	-5.8394161312899	-8.22768672100596	-13.5323559252888	-5.87220606640757	-8.06722204881271	-13.4541279012774	-14.5850799027671	-8.06722204881271	-14.3924963173218	-13.6650186112167	-13.0242162374208	-9.5077946401987	-8.06722204881271	-6.12532500337628	-8.3151495622563	-10.3151495622563	-5.94011013090938	-7.73018706153514	-12.9473934245677	-9.3151495622563	-6.24906037179853	-7.61470984411521	-6.5077946401987
24HT3.fastq	-12.8415643477306	-7.40696419874316	-13.3741791345532	-14.7020103080886	-12.8192310845252	-14.4697371967806	-13.0304947197495	-15.4729763549577	-4.59960927668556	-0.90143616551641	-12.0233645235179	-13.7020103080886	-14.0215872981245	-13.352687178175	-7.8923910259134	-13.927098916031	-5.16992500144231	-12.8605327692339	-7.8923910259134	-14.4737374540671	-14.2817851707837	-13.7767414433999	-14.4737374540671	-13.6489192697882	-14.4729763549577	-5.35633812567319	-15.1263818305426	-15.0640269646657	-7.40696419874316	-12.0335213280013	-13.7420988697783	-13.6049701327204	-6.75488750216347	-13.4384020227968	-14.1616830258014	-14.2406795487735	-7.8923910259134	-14.7249046011605	-13.8957961505405	-15.4700868678253	-14.8881724496659	-7.21431912080077	-13.6216703458454	-12.5636729598275	-13.6678876912915	-13.0242162374208	-13.4729763549577	-2.35013297614649	-7.21431912080077	-12.0200076319992	-14.7249046011605	-13.9591416352744	-8.21431912080077	-13.8661842036449	-12.5120614167522	-14.352687178175	-14.0233645235179	-6.30742852519225	-12.8745971924016	-12.894655386031	-13.4384020227968	-12.3247993548187	-14.9591416352744	-12.8301190254445	-12.6325976744462	-11.7171623071112	-13.047635173725	-12.4517906496726	-7.04439411935845	-14.7284165792168	-13.6034718063924	-5.96639160735718	-13.0680584780199	-13.5323559252888	-5.4594316186373	-13.6678876912915	-13.4541279012774	-14.5850799027671	-13.451146704366	-14.3924963173218	-13.6650186112167	-13.0242162374208	-11.8605327692339	-13.6489192697882	-6.62935662007961	-11.927098916031	-13.3459595964041	-6.40696419874316	-5.75488750216347	-7.04439411935845	-12.8301190254445	-5.82200169802201	-13.3937591288623	-10.3121883834926
107LT11.fastq	-12.8415643477306	-13.0493948004168	-13.3741791345532	-14.7020103080886	-12.8192310845252	-14.4697371967806	-13.0304947197495	-15.4729763549577	-4.66178313624972	-0.0803108568311548	-12.0233645235179	-13.7020103080886	-14.0215872981245	-13.352687178175	-15.4681785407733	-13.927098916031	-11.542387040338	-12.8605327692339	-14.234268583804	-14.4737374540671	-14.2817851707837	-11.1273495410591	-14.4737374540671	-13.6489192697882	-14.4729763549577	-11.3199946190015	-15.1263818305426	-15.0640269646657	-10.6679179224218	-12.0335213280013	-13.7420988697783	-13.6049701327204	-6.48349335128439	-13.4384020227968	-14.1616830258014	-14.2406795487735	-14.5881680566627	-14.7249046011605	-13.8957961505405	-11.542387040338	-11.3199946190015	-14.6615554424678	-13.6216703458454	-11.542387040338	-13.6678876912915	-13.0242162374208	-13.4729763549577	-10.9574245396168	-13.1273495410591	-12.0200076319992	-14.7249046011605	-13.9591416352744	-13.2436202928472	-13.8661842036449	-12.5120614167522	-14.352687178175	-14.0233645235179	-15.2436202928472	-12.8745971924016	-12.894655386031	-13.4384020227968	-12.3247993548187	-14.9591416352744	-12.8301190254445	-12.6325976744462	-11.7171623071112	-13.047635173725	-12.4517906496726	-13.381079385056	-14.7284165792168	-13.6034718063924	-15.3937591288623	-13.0680584780199	-13.5323559252888	-15.139791142151	-13.6678876912915	-13.4541279012774	-14.5850799027671	-13.451146704366	-14.3924963173218	-13.6650186112167	-13.0242162374208	-11.8605327692339	-13.6489192697882	-13.1884343071136	-11.927098916031	-13.3459595964041	-13.0253126199217	-14.6102751206429	-12.9473934245677	-12.8301190254445	-13.7767414433999	-13.3937591288623	-10.3121883834926
42CT5.fastq	-4.54936694556716	-7.37039680452184	-13.3741791345532	-14.7020103080886	-12.8192310845252	-14.4697371967806	-13.0304947197495	-15.4729763549577	-4.17925531716983	-1.14929307915396	-6.81785578149306	-13.7020103080886	-14.0215872981245	-8.95535930524299	-8.46993247807275	-13.927098916031	-12.6157215840088	-9.27728740013036	-14.234268583804	-7.6923248994092	-14.2817851707837	-8.27728740013036	-14.4737374540671	-8.10736239868804	-14.4729763549577	-6.52239989796689	-15.1263818305426	-15.0640269646657	-6.46993247807275	-12.0335213280013	-13.7420988697783	-6.8849699773516	-4.52239989796689	-13.4384020227968	-14.1616830258014	-14.2406795487735	-14.5881680566627	-14.7249046011605	-13.8957961505405	-15.4700868678253	-9.27728740013036	-14.6615554424678	-13.6216703458454	-12.5636729598275	-7.10736239868804	-13.0242162374208	-13.4729763549577	-7.37039680452184	-9.6923248994092	-12.0200076319992	-14.7249046011605	-9.6923248994092	-6.57684768198926	-13.8661842036449	-7.46993247807275	-7.18982455888002	-7.95535930524299	-6.46993247807275	-12.8745971924016	-6.81785578149306	-6.2328932807719	-12.3247993548187	-8.95535930524299	-12.8301190254445	-12.6325976744462	-11.7171623071112	-13.047635173725	-8.10736239868804	-13.381079385056	-6.41930640500278	-6.32309108974348	-5.41930640500278	-13.0680584780199	-6.32309108974348	-4.11741606335197	-13.6678876912915	-13.4541279012774	-14.5850799027671	-5.10736239868804	-14.3924963173218	-13.6650186112167	-10.2772874001304	-7.6923248994092	-7.46993247807275	-7.95535930524299	-11.927098916031	-13.3459595964041	-4.57684768198926	-5.54936694556716	-12.9473934245677	-12.8301190254445	-5.2549195871019	-6.75372544407334	-10.3121883834926
46CT5.fastq	-8.16051062461377	-9.55537024195498	-13.3741791345532	-14.7020103080886	-12.8192310845252	-14.4697371967806	-13.0304947197495	-8.20173328734028	-5.88399298941635	-3.31661168410185	-8.60981802597736	-9.14033274267614	-14.0215872981245	-13.352687178175	-8.31025774411845	-8.47736772995371	-12.6157215840088	-12.8605327692339	-14.234268583804	-11.3102577441185	-14.2817851707837	-9.35606143373158	-14.4737374540671	-13.6489192697882	-14.4729763549577	-5.26040919466789	-15.1263818305426	-15.0640269646657	-5.6413727598522	-9.40336714850993	-8.55537024195498	-13.6049701327204	-0.760713705816864	-13.4384020227968	-14.1616830258014	-14.2406795487735	-14.5881680566627	-14.7249046011605	-10.5029028220608	-15.4700868678253	-8.72529524339729	-14.6615554424678	-13.6216703458454	-12.5636729598275	-13.6678876912915	-13.0242162374208	-13.4729763549577	-15.0327775677729	-6.97934086600383	-7.93521831277153	-14.7249046011605	-13.9591416352744	-13.2436202928472	-13.8661842036449	-12.5120614167522	-14.352687178175	-14.0233645235179	-5.9265534516444	-12.8745971924016	-6.97040774123383	-8.33297782061853	-12.3247993548187	-14.9591416352744	-12.8301190254445	-12.6325976744462	-11.7171623071112	-7.43989302453505	-12.4517906496726	-13.381079385056	-4.76529331132921	-13.6034718063924	-6.28235174754857	-13.0680584780199	-13.5323559252888	-3.22412151909114	-13.6678876912915	-13.4541279012774	-14.5850799027671	-13.451146704366	-14.3924963173218	-13.6650186112167	-13.0242162374208	-8.00647699594135	-6.94393552987263	-13.1884343071136	-11.927098916031	-13.3459595964041	-8.42761469475661	-9.0248555252562	-12.9473934245677	-12.8301190254445	-13.7767414433999	-13.3937591288623	-10.3121883834926
44CT5.fastq	-7.63301422315649	-13.0493948004168	-13.3741791345532	-10.3035524555837	-12.8192310845252	-14.4697371967806	-13.0304947197495	-9.96251553774865	-1.75011514982931	-0.907518586574283	-9.53801770922074	-13.7020103080886	-14.0215872981245	-13.352687178175	-15.4681785407733	-7.64058744286129	-12.6157215840088	-12.8605327692339	-14.234268583804	-8.96251553774865	-10.4555555490288	-9.1229802099419	-14.4737374540671	-13.6489192697882	-8.41602718484213	-9.45555554902877	-9.78417829649014	-15.0640269646657	-10.0009896855633	-12.0335213280013	-13.7420988697783	-13.6049701327204	-2.97862187253483	-13.4384020227968	-14.1616830258014	-14.2406795487735	-10.8885149563049	-14.7249046011605	-11.7510114325549	-11.4030881291346	-10.2562467408054	-14.6615554424678	-13.6216703458454	-12.5636729598275	-13.6678876912915	-13.0242162374208	-13.4729763549577	-9.6558541995146	-9.30355245558372	-12.0200076319992	-14.7249046011605	-13.9591416352744	-8.41602718484213	-13.8661842036449	-12.5120614167522	-14.352687178175	-14.0233645235179	-10.6868810951352	-12.8745971924016	-12.894655386031	-11.6254805504711	-12.3247993548187	-14.9591416352744	-12.8301190254445	-12.6325976744462	-11.7171623071112	-13.047635173725	-8.85289104657415	-13.381079385056	-10.3524620560647	-13.6034718063924	-10.0405180497499	-13.0680584780199	-13.5323559252888	-15.139791142151	-10.4030881291346	-13.4541279012774	-14.5850799027671	-7.95305520849958	-14.3924963173218	-13.6650186112167	-13.0242162374208	-11.8605327692339	-11.7510114325549	-13.1884343071136	-11.927098916031	-13.3459595964041	-13.0253126199217	-14.6102751206429	-12.9473934245677	-12.8301190254445	-10.0009896855633	-13.3937591288623	-10.3121883834926
21HT3.fastq	-5.88486428927852	-6.6983039737971	-13.3741791345532	-14.7020103080886	-7.46982678999968	-14.4697371967806	-13.0304947197495	-9.19229281447077	-5.64797229824696	-1.7416314054612	-6.14498709969241	-8.48447356596408	-8.70686598730052	-6.28540221886225	-6.3780842213721	-13.927098916031	-7.83239686938438	-12.8605327692339	-14.234268583804	-10.5142209093581	-14.2817851707837	-13.7767414433999	-14.4737374540671	-13.6489192697882	-14.4729763549577	-4.02772104752266	-15.1263818305426	-15.0640269646657	-15.1169530788488	-12.0335213280013	-8.34429590791582	-7.88973004445034	-5.4161888263976	-13.4384020227968	-14.1616830258014	-14.2406795487735	-6.1684460725164	-5.9494362905746	-8.45532722030456	-11.5142209093581	-4.99852107107409	-5.34429590791582	-13.6216703458454	-7.96990039313432	-13.6678876912915	-13.0242162374208	-13.4729763549577	-2.05957889212553	-7.07681559705083	-12.0200076319992	-14.7249046011605	-13.9591416352744	-5.09918341007929	-13.8661842036449	-12.5120614167522	-14.352687178175	-14.0233645235179	-5.26313305502122	-12.8745971924016	-12.894655386031	-7.02236781302845	-7.9494362905746	-7.56002459897125	-12.8301190254445	-9.09918341007929	-11.7171623071112	-13.047635173725	-12.4517906496726	-13.381079385056	-6.09918341007929	-8.88973004445034	-6.43384749289411	-13.0680584780199	-13.5323559252888	-5.53694098585821	-13.6678876912915	-13.4541279012774	-11.2918284880217	-8.92925840863697	-14.3924963173218	-13.6650186112167	-8.60733031374961	-11.8605327692339	-8.88973004445034	-7.62344997911289	-11.927098916031	-13.3459595964041	-8.37126295551609	-6.72414397873236	-12.9473934245677	-12.8301190254445	-7.1333991254172	-7.02236781302845	-8.92925840863697
31CT4.fastq	-4.57970129911744	-13.0493948004168	-11.5819537508488	-7.34929299405854	-12.8192310845252	-14.4697371967806	-13.0304947197495	-15.4729763549577	-3.1965227136553	-1.43398569706526	-8.73395684429387	-13.7020103080886	-14.0215872981245	-13.352687178175	-9.26002565596146	-7.79535738895801	-12.6157215840088	-8.65595433229259	-14.234268583804	-14.4737374540671	-10.2034421275951	-7.44445022709888	-9.58195375084882	-13.6489192697882	-9.81641900448584	-7.02123879637434	-15.1263818305426	-15.0640269646657	-9.38031988967917	-12.0335213280013	-13.7420988697783	-3.2438859533062	-4.31704205777435	-8.85948772637773	-7.90388184573618	-14.2406795487735	-7.9496855353493	-14.7249046011605	-10.4444502270989	-15.4700868678253	-9.99699125012766	-14.6615554424678	-13.6216703458454	-12.5636729598275	-8.81641900448584	-8.90388184573618	-8.5463298411181	-8.28917200162097	-8.20344212759509	-12.0200076319992	-14.7249046011605	-13.9591416352744	-8.47761709103408	-10.4444502270989	-6.97314450817329	-14.352687178175	-14.0233645235179	-5.9438799136681	-8.99699125012766	-7.7541347262315	-7.79535738895801	-11.318919345015	-9.04590085060861	-9.38031988967917	-12.6325976744462	-8.69442848010723	-13.047635173725	-8.07099183157144	-13.381079385056	-6.97314450817329	-13.6034718063924	-4.6750631552403	-9.04590085060861	-8.02123879637434	-5.62775744046194	-13.6678876912915	-9.26002565596146	-11.318919345015	-3.85675793362215	-9.14899434357271	-7.13569752095925	-13.0242162374208	-11.8605327692339	-7.36472303462815	-5.17256281471112	-11.927098916031	-8.47761709103408	-6.82706624868535	-14.6102751206429	-8.61847962687393	-12.8301190254445	-9.38031988967917	-6.91519715896401	-8.61847962687393
77LT18.fastq	-7.64933858944937	-9.09559481933893	-13.3741791345532	-14.7020103080886	-8.05997090960821	-14.4697371967806	-8.46332660383942	-15.4729763549577	-2.76243946902831	-1.26302122036153	-6.23264757131801	-13.7020103080886	-12.0955948193389	-8.09559481933893	-9.13212069536404	-13.927098916031	-8.63616320070163	-12.8605327692339	-14.234268583804	-14.4737374540671	-14.2817851707837	-13.7767414433999	-10.8325604135051	-13.6489192697882	-14.4729763549577	-6.99967039934039	-15.1263818305426	-9.33006007297595	-7.07767291134167	-12.0335213280013	-13.7420988697783	-7.35143372376852	-2.69556930142491	-13.4384020227968	-14.1616830258014	-14.2406795487735	-9.89396095816928	-14.7249046011605	-9.89396095816928	-10.958091295589	-8.24759791278398	-10.6101679921687	-8.16959540078271	-7.58463290006155	-13.6678876912915	-8.35143372376852	-13.4729763549577	-6.27286467139441	-7.40629565880304	-12.0200076319992	-9.66263541206282	-13.9591416352744	-5.5564360082309	-9.13212069536404	-8.53487986486445	-14.352687178175	-14.0233645235179	-5.63616320070163	-8.61016799216869	-8.39515510119784	-6.7593114314745	-12.3247993548187	-10.0955948193389	-12.8301190254445	-12.6325976744462	-11.7171623071112	-13.047635173725	-12.4517906496726	-13.381079385056	-7.90972827402759	-10.5106323186178	-6.04683550741907	-13.0680584780199	-8.41752291422629	-4.4823578646226	-11.0955948193389	-13.4541279012774	-14.5850799027671	-13.451146704366	-14.3924963173218	-13.6650186112167	-13.0242162374208	-7.86293406254865	-9.33006007297595	-8.41752291422629	-11.927098916031	-8.55954191909872	-5.62310704787618	-6.08660603611167	-12.9473934245677	-12.8301190254445	-9.77366672445157	-7.00813197808859	-10.3121883834926
51HT6.fastq	-7.59925652477151	-6.41993282532694	-13.3741791345532	-14.7020103080886	-12.8192310845252	-14.4697371967806	-13.0304947197495	-8.29440194324309	-2.30734099895058	-1.67409482715679	-6.10175686530069	-13.7020103080886	-14.0215872981245	-7.26045461131975	-6.66435155299339	-13.927098916031	-12.6157215840088	-12.8605327692339	-9.36479127113448	-6.21098593505545	-8.77982877041333	-8.16315740996483	-14.4737374540671	-13.6489192697882	-9.87936444396424	-5.52684802924346	-10.1017568653007	-15.0640269646657	-6.4013171471596	-7.36479127113448	-13.7420988697783	-13.6049701327204	-3.72382336068459	-13.4384020227968	-14.1616830258014	-14.2406795487735	-7.43879185257826	-14.7249046011605	-11.6867193660218	-15.4700868678253	-8.29440194324309	-14.6615554424678	-8.59925652477151	-12.5636729598275	-13.6678876912915	-13.0242162374208	-10.6867193660218	-7.32916736140376	-8.98627964788075	-12.0200076319992	-14.7249046011605	-10.1017568653007	-6.77982877041333	-13.8661842036449	-8.51679436457953	-14.352687178175	-8.29440194324309	-6.62063017556407	-9.22728774738455	-7.98627964788075	-7.4013171471596	-8.98627964788075	-14.9591416352744	-12.8301190254445	-12.6325976744462	-11.7171623071112	-7.98627964788075	-7.73252305563497	-10.6867193660218	-5.72093508135976	-13.6034718063924	-5.9452523796207	-13.0680584780199	-9.22728774738455	-4.00372478234016	-13.6678876912915	-13.4541279012774	-14.5850799027671	-4.24377587017312	-14.3924963173218	-13.6650186112167	-13.0242162374208	-7.4772660003929	-6.04286317624712	-5.81635464643844	-8.98627964788075	-13.3459595964041	-5.9452523796207	-14.6102751206429	-12.9473934245677	-12.8301190254445	-6.08680652383472	-8.51679436457953	-10.3121883834926
53HT6.fastq	-12.8415643477306	-6.79482056831383	-13.3741791345532	-14.7020103080886	-12.8192310845252	-6.86122179403634	-13.0304947197495	-7.18184369142308	-5.28149594168133	-1.76823490631436	-6.38478375009335	-13.7020103080886	-14.0215872981245	-13.352687178175	-15.4681785407733	-13.927098916031	-12.6157215840088	-12.8605327692339	-14.234268583804	-7.91446381531332	-14.2817851707837	-8.84046323386954	-14.4737374540671	-13.6489192697882	-14.4729763549577	-4.71471768099578	-8.38478375009335	-15.0640269646657	-5.12112331038517	-12.0335213280013	-13.7420988697783	-13.6049701327204	-1.20767570838966	-13.4384020227968	-14.1616830258014	-14.2406795487735	-10.1623913287569	-14.7249046011605	-7.71235840812186	-15.4700868678253	-10.214858748651	-14.6615554424678	-13.6216703458454	-12.5636729598275	-13.6678876912915	-13.0242162374208	-11.5103146321772	-7.51853513898218	-10.7998212493722	-12.0200076319992	-14.7249046011605	-7.87171416785398	-13.2436202928472	-13.8661842036449	-12.5120614167522	-14.352687178175	-14.0233645235179	-15.2436202928472	-12.8745971924016	-12.894655386031	-13.4384020227968	-12.3247993548187	-14.9591416352744	-12.8301190254445	-12.6325976744462	-11.7171623071112	-13.047635173725	-12.4517906496726	-13.381079385056	-14.7284165792168	-13.6034718063924	-15.3937591288623	-13.0680584780199	-13.5323559252888	-12.6478181559271	-13.6678876912915	-13.4541279012774	-14.5850799027671	-3.50622187754333	-14.3924963173218	-6.87698910989466	-13.0242162374208	-11.8605327692339	-8.22827926441336	-13.1884343071136	-7.90365706035674	-13.3459595964041	-7.03900891325162	-14.6102751206429	-12.9473934245677	-12.8301190254445	-13.7767414433999	-7.31869455963558	-10.3121883834926
54HT6.fastq	-12.8415643477306	-7.48036947990043	-13.3741791345532	-14.7020103080886	-12.8192310845252	-14.4697371967806	-13.0304947197495	-6.80794413792893	-5.87550742174157	-3.8929044719761	-12.0233645235179	-6.77071123172996	-6.98851638357075	-13.352687178175	-15.4681785407733	-13.927098916031	-12.6157215840088	-12.8605327692339	-5.83171230386188	-4.0894840126148	-14.2817851707837	-4.42147579084686	-14.4737374540671	-13.6489192697882	-14.4729763549577	-3.50882592594965	-8.63906722591948	-7.15844138501306	-3.82334883092725	-12.0335213280013	-13.7420988697783	-13.6049701327204	-1.13533391801256	-13.4384020227968	-14.1616830258014	-14.2406795487735	-14.5881680566627	-14.7249046011605	-4.1614501348854	-12.0653319806216	-8.31044447845811	-14.6615554424678	-13.6216703458454	-12.5636729598275	-13.6678876912915	-13.0242162374208	-13.4729763549577	-8.45062213650637	-5.48413139869663	-12.0200076319992	-14.7249046011605	-13.9591416352744	-13.2436202928472	-13.8661842036449	-12.5120614167522	-14.352687178175	-14.0233645235179	-15.2436202928472	-12.8745971924016	-12.894655386031	-13.4384020227968	-12.3247993548187	-4.52811358008299	-12.8301190254445	-12.6325976744462	-11.7171623071112	-13.047635173725	-12.4517906496726	-13.381079385056	-14.7284165792168	-13.6034718063924	-15.3937591288623	-13.0680584780199	-13.5323559252888	-10.7434038857342	-13.6678876912915	-13.4541279012774	-14.5850799027671	-6.7166038263905	-14.3924963173218	-13.6650186112167	-13.0242162374208	-11.8605327692339	-13.6489192697882	-13.1884343071136	-11.927098916031	-13.3459595964041	-13.0253126199217	-14.6102751206429	-12.9473934245677	-12.8301190254445	-13.7767414433999	-13.3937591288623	-10.3121883834926
105LT11.fastq	-11.8415643477306	-13.0493948004168	-13.3741791345532	-14.7020103080886	-9.94847955164709	-14.4697371967806	-13.0304947197495	-9.56145642853784	-2.06960333220816	-0.688374256576517	-9.47899426834587	-12.3269911749008	-14.0215872981245	-11.8415643477306	-15.4681785407733	-10.4009917563446	-12.6157215840088	-12.8605327692339	-14.234268583804	-14.4737374540671	-14.2817851707837	-12.3269911749008	-14.4737374540671	-12.6489192697882	-11.8415643477306	-10.063956769067	-15.1263818305426	-10.0050630800135	-9.43946590415923	-12.0335213280013	-13.7420988697783	-13.6049701327204	-3.20080296437872	-12.063956769067	-14.1616830258014	-14.2406795487735	-14.5881680566627	-14.7249046011605	-13.8957961505405	-12.063956769067	-14.8881724496659	-14.6615554424678	-13.6216703458454	-12.5636729598275	-13.6678876912915	-13.0242162374208	-13.4729763549577	-11.1894876511509	-10.9484795516471	-12.0200076319992	-14.7249046011605	-13.9591416352744	-9.43946590415923	-13.8661842036449	-11.063956769067	-14.352687178175	-14.0233645235179	-9.00506308001346	-12.8745971924016	-12.894655386031	-11.4789942683459	-12.3247993548187	-14.9591416352744	-12.8301190254445	-12.6325976744462	-11.7171623071112	-13.047635173725	-12.4517906496726	-13.381079385056	-8.62655145675972	-13.6034718063924	-9.06395676906702	-13.0680584780199	-13.5323559252888	-8.01956264970857	-13.6678876912915	-13.4541279012774	-14.5850799027671	-8.06395676906702	-14.3924963173218	-8.92099881522498	-13.0242162374208	-10.8415643477306	-12.6489192697882	-10.4009917563446	-11.927098916031	-10.8415643477306	-10.6489192697882	-9.94847955164709	-12.9473934245677	-12.8301190254445	-13.7767414433999	-13.3937591288623	-10.3121883834926
56HT17.fastq	-5.33172592237423	-13.0493948004168	-13.3741791345532	-4.46049082294054	-12.8192310845252	-14.4697371967806	-13.0304947197495	-15.4729763549577	-3.92202844785059	-2.63001117539108	-12.0233645235179	-5.18970691750181	-9.8271368381171	-13.352687178175	-15.4681785407733	-13.927098916031	-7.57079708485731	-12.8605327692339	-6.17688287714422	-14.4737374540671	-14.2817851707837	-13.7767414433999	-14.4737374540671	-13.6489192697882	-14.4729763549577	-6.2600962453932	-15.1263818305426	-15.0640269646657	-5.79738949472305	-12.0335213280013	-13.7420988697783	-13.6049701327204	-2.3952910511517	-13.4384020227968	-6.03127755489732	-14.2406795487735	-14.5881680566627	-14.7249046011605	-6.78760847393046	-5.7147456005709	-8.96731449616536	-14.6615554424678	-4.40709865777989	-12.5636729598275	-13.6678876912915	-13.0242162374208	-13.4729763549577	-5.98956730301249	-8.77466941822296	-12.0200076319992	-14.7249046011605	-13.9591416352744	-4.63365710869589	-13.8661842036449	-12.5120614167522	-14.352687178175	-14.0233645235179	-4.42341465206609	-12.8745971924016	-12.894655386031	-4.43609219446005	-12.3247993548187	-14.9591416352744	-12.8301190254445	-12.6325976744462	-6.25559485315826	-13.047635173725	-12.4517906496726	-13.381079385056	-14.7284165792168	-13.6034718063924	-4.19293081837609	-13.0680584780199	-13.5323559252888	-11.774669418223	-13.6678876912915	-13.4541279012774	-14.5850799027671	-3.3952910511517	-5.88158462213947	-8.67513374467205	-13.0242162374208	-11.8605327692339	-13.6489192697882	-13.1884343071136	-11.927098916031	-13.3459595964041	-8.02743548860293	-14.6102751206429	-12.9473934245677	-12.8301190254445	-13.7767414433999	-8.12259272164327	-10.3121883834926
108LT12.fastq	-10.2402802516674	-13.0493948004168	-13.3741791345532	-14.7020103080886	-12.8192310845252	-14.4697371967806	-13.0304947197495	-15.4729763549577	-2.13599351987058	-0.563399678935081	-12.0233645235179	-13.7020103080886	-14.0215872981245	-11.8252427523886	-15.4681785407733	-10.6325976744462	-12.6157215840088	-12.8605327692339	-14.234268583804	-14.4737374540671	-14.2817851707837	-7.36581113375129	-14.4737374540671	-13.6489192697882	-10.5451348331958	-8.98874148467146	-11.047635173725	-15.0640269646657	-9.63259767444619	-12.0335213280013	-13.7420988697783	-13.6049701327204	-4.61300694608831	-13.4384020227968	-14.1616830258014	-14.2406795487735	-14.5881680566627	-14.7249046011605	-13.8957961505405	-15.4700868678253	-11.8252427523886	-14.6615554424678	-13.6216703458454	-6.10903571838917	-13.6678876912915	-13.0242162374208	-13.4729763549577	-12.6325976744462	-10.9321579563051	-5.84796282888867	-14.7249046011605	-13.9591416352744	-13.2436202928472	-13.8661842036449	-12.5120614167522	-11.8252427523886	-14.0233645235179	-10.3106695795588	-12.8745971924016	-12.894655386031	-13.4384020227968	-12.3247993548187	-14.9591416352744	-12.8301190254445	-11.6325976744462	-11.7171623071112	-12.047635173725	-12.4517906496726	-13.381079385056	-11.1731660558089	-13.6034718063924	-8.14074457811651	-13.0680584780199	-12.3106695795588	-10.3846701610026	-13.6678876912915	-11.4626726730039	-14.5850799027671	-9.72570707883767	-14.3924963173218	-13.6650186112167	-13.0242162374208	-11.8605327692339	-13.6489192697882	-13.1884343071136	-11.927098916031	-13.3459595964041	-10.3106695795588	-10.9321579563051	-12.9473934245677	-12.8301190254445	-10.7257070788377	-13.3937591288623	-10.3121883834926
55HT17.fastq	-12.8415643477306	-7.41839966386027	-8.47404769341019	-14.7020103080886	-12.8192310845252	-14.4697371967806	-13.0304947197495	-4.28533383982861	-3.7936980480879	-2.99522127737675	-12.0233645235179	-8.23553560671046	-8.45792802804691	-13.352687178175	-15.4681785407733	-8.75995656549657	-8.05496336106864	-12.8605327692339	-8.97250120087667	-6.51932857271105	-14.2817851707837	-6.74520998012738	-14.4737374540671	-13.6489192697882	-14.4729763549577	-5.09959428673081	-15.1263818305426	-9.33507128026138	-5.14242620231898	-12.0335213280013	-7.46596534711233	-13.6049701327204	-1.40916871612705	-13.4384020227968	-14.1616830258014	-14.2406795487735	-8.64600037619948	-8.82049810743162	-6.87296552732575	-15.4700868678253	-5.31315650383294	-14.6615554424678	-13.6216703458454	-12.5636729598275	-13.6678876912915	-13.0242162374208	-13.4729763549577	-2.83864545414188	-7.16842141085192	-12.0200076319992	-14.7249046011605	-13.9591416352744	-13.2436202928472	-13.8661842036449	-12.5120614167522	-6.16842141085192	-14.0233645235179	-15.2436202928472	-12.8745971924016	-12.894655386031	-13.4384020227968	-12.3247993548187	-6.61439076968266	-12.8301190254445	-12.6325976744462	-11.7171623071112	-13.047635173725	-12.4517906496726	-13.381079385056	-6.97823757042581	-11.7798561229343	-15.3937591288623	-13.0680584780199	-13.5323559252888	-6.85174904141606	-7.06713807501474	-13.4541279012774	-14.5850799027671	-6.81022977197779	-14.3924963173218	-13.6650186112167	-13.0242162374208	-11.8605327692339	-13.6489192697882	-13.1884343071136	-11.927098916031	-13.3459595964041	-13.0253126199217	-5.81792416376779	-12.9473934245677	-12.8301190254445	-7.2286819356694	-13.3937591288623	-10.3121883834926
57HT17.fastq	-5.68430786209497	-13.0493948004168	-13.3741791345532	-14.7020103080886	-6.47463668185991	-14.4697371967806	-13.0304947197495	-4.44873481841715	-5.30703673336384	-2.16249909016535	-5.3802210799678	-10.5831611386381	-14.0215872981245	-7.48162311217601	-6.0913080423084	-10.7086920207219	-12.6157215840088	-8.14575582633078	-9.03884062241426	-8.67627054302956	-14.2817851707837	-9.99819863791692	-11.1681236393592	-9.31014264423166	-14.4729763549577	-3.56914066832314	-9.46768392121814	-9.41323613719576	-5.88272142049698	-10.4676839212181	-13.7420988697783	-8.95867027373028	-2.51259291620359	-13.4384020227968	-7.3999393145823	-14.2406795487735	-10.8461955444719	-14.7249046011605	-10.0806607981089	-9.84619554447187	-7.64456168330222	-14.6615554424678	-6.94895511889707	-7.74185888465713	-13.6678876912915	-13.0242162374208	-13.4729763549577	-7.24926040208464	-7.24926040208464	-7.05959918258106	-14.7249046011605	-9.36076871730163	-5.39333657975806	-7.77580621658047	-7.69239020839283	-9.21392732897236	-7.17943895258706	-4.9611093191817	-9.12372952000078	-8.26123304375071	-6.5170719481803	-7.11284120385804	-8.33523362519449	-12.8301190254445	-12.6325976744462	-11.7171623071112	-13.047635173725	-12.4517906496726	-13.381079385056	-6.20233935469714	-8.77580621658047	-5.9882145493443	-9.46768392121814	-6.84619554447187	-3.99694684170746	-7.53876701927962	-13.4541279012774	-14.5850799027671	-13.451146704366	-14.3924963173218	-13.6650186112167	-9.84619554447187	-11.8605327692339	-8.01837651985455	-6.73349541172251	-9.99819863791692	-13.3459595964041	-5.44020318479603	-5.56449729437304	-12.9473934245677	-8.61353478768159	-6.9882145493443	-6.92019612591564	-10.3121883834926
49HT6.fastq	-5.23393645053053	-5.52617998112095	-13.3741791345532	-14.7020103080886	-6.52241806232475	-14.4697371967806	-13.0304947197495	-7.3129646966958	-5.39313504537978	-1.20387525262203	-5.9884394903224	-13.7020103080886	-9.52241806232475	-7.85945304960232	-6.59168072476186	-12.1073805630459	-12.6157215840088	-12.8605327692339	-14.234268583804	-8.4926707189307	-14.2817851707837	-6.41389360554658	-14.4737374540671	-13.6489192697882	-7.71506314026714	-6.13583700909513	-15.1263818305426	-15.0640269646657	-8.68111580834381	-12.0335213280013	-13.7420988697783	-7.74982855842782	-5.41738259162646	-13.4384020227968	-5.78996794928104	-14.2406795487735	-14.5881680566627	-14.7249046011605	-13.8957961505405	-6.85945304960232	-9.64794894440861	-14.6615554424678	-6.99885610626774	-8.22473751368406	-13.6678876912915	-7.74982855842782	-13.4729763549577	-9.46352437327118	-7.78545246815854	-12.0200076319992	-14.7249046011605	-13.9591416352744	-4.85945304960232	-7.08501275001745	-12.5120614167522	-7.06298644368745	-8.1073805630459	-4.41563704387463	-12.8745971924016	-12.894655386031	-6.33919623826898	-12.3247993548187	-10.6479489444086	-12.8301190254445	-12.6325976744462	-11.7171623071112	-13.047635173725	-12.4517906496726	-13.381079385056	-5.29359937182887	-7.2370158434625	-5.61152553615873	-13.0680584780199	-8.52241806232475	-3.64692466673627	-7.43495522107441	-13.4541279012774	-14.5850799027671	-13.451146704366	-14.3924963173218	-13.6650186112167	-8.61552746671623	-11.8605327692339	-6.2370158434625	-13.1884343071136	-11.927098916031	-13.3459595964041	-4.840594022351	-6.58381860698889	-12.9473934245677	-7.97809754610094	-6.78545246815854	-8.3000256409883	-10.3121883834926
62CT7.fastq	-12.8415643477306	-13.0493948004168	-13.3741791345532	-14.7020103080886	-12.8192310845252	-11.3700334693294	-13.0304947197495	-5.83398056908922	-1.72365476978599	-3.46675412727329	-12.0233645235179	-13.7020103080886	-10.3700334693294	-13.352687178175	-15.4681785407733	-13.927098916031	-12.6157215840088	-12.8605327692339	-14.234268583804	-6.31692213286986	-7.62587237375902	-7.73776525382991	-8.4440340507732	-13.6489192697882	-14.4729763549577	-4.79109475623604	-6.73776525382991	-15.0640269646657	-4.24694671834836	-12.0335213280013	-9.69196156421679	-13.6049701327204	-1.41991503982685	-13.4384020227968	-14.1616830258014	-8.13737271253915	-14.5881680566627	-14.7249046011605	-12.1069990634956	-8.48250819858784	-7.38818081603968	-14.6615554424678	-13.6216703458454	-12.5636729598275	-13.6678876912915	-13.0242162374208	-8.60449872296645	-8.3344095595987	-8.20010846788711	-12.0200076319992	-14.7249046011605	-13.9591416352744	-13.2436202928472	-13.8661842036449	-12.5120614167522	-14.352687178175	-14.0233645235179	-15.2436202928472	-12.8745971924016	-12.894655386031	-13.4384020227968	-12.3247993548187	-10.1069990634956	-12.8301190254445	-12.6325976744462	-11.7171623071112	-13.047635173725	-12.4517906496726	-13.381079385056	-14.7284165792168	-13.6034718063924	-15.3937591288623	-13.0680584780199	-13.5323559252888	-15.139791142151	-13.6678876912915	-13.4541279012774	-14.5850799027671	-4.06078450851281	-14.3924963173218	-7.07725172010158	-13.0242162374208	-11.8605327692339	-13.6489192697882	-13.1884343071136	-11.927098916031	-13.3459595964041	-13.0253126199217	-14.6102751206429	-12.9473934245677	-12.8301190254445	-13.7767414433999	-13.3937591288623	-10.3121883834926
104LT11.fastq	-12.8415643477306	-13.0493948004168	-13.3741791345532	-14.7020103080886	-12.8192310845252	-14.4697371967806	-13.0304947197495	-15.4729763549577	-4.44692623804784	-0.17858981406876	-10.2032191909225	-13.7020103080886	-14.0215872981245	-13.352687178175	-15.4681785407733	-10.5442561087575	-12.6157215840088	-12.8605327692339	-14.234268583804	-9.49695039397917	-14.2817851707837	-13.7767414433999	-14.4737374540671	-13.6489192697882	-12.1292186094787	-9.54425610875752	-15.1263818305426	-15.0640269646657	-8.54425610875752	-12.0335213280013	-13.7420988697783	-13.6049701327204	-4.41634774178877	-13.4384020227968	-14.1616830258014	-14.2406795487735	-14.5881680566627	-12.8661842036449	-13.8957961505405	-12.1292186094787	-9.69625920220257	-14.6615554424678	-13.6216703458454	-12.5636729598275	-13.6678876912915	-13.0242162374208	-13.4729763549577	-8.95929360803636	-8.64379178230844	-12.0200076319992	-14.7249046011605	-11.451146704366	-10.6437917823084	-12.8661842036449	-12.5120614167522	-12.8661842036449	-14.0233645235179	-9.54425610875752	-12.8745971924016	-12.894655386031	-13.4384020227968	-12.3247993548187	-14.9591416352744	-12.8301190254445	-12.6325976744462	-11.7171623071112	-13.047635173725	-12.4517906496726	-13.381079385056	-8.20321919092246	-13.6034718063924	-10.8661842036449	-13.0680584780199	-13.5323559252888	-11.6437917823084	-9.45114670436604	-9.59316570923847	-14.5850799027671	-12.451146704366	-14.3924963173218	-13.6650186112167	-13.0242162374208	-11.8605327692339	-10.2812217029237	-13.1884343071136	-11.927098916031	-13.3459595964041	-13.0253126199217	-14.6102751206429	-12.9473934245677	-12.8301190254445	-13.7767414433999	-13.3937591288623	-10.3121883834926
48HT6.fastq	-6.29679463111292	-2.38346115118562	-13.3741791345532	-14.7020103080886	-12.8192310845252	-14.4697371967806	-13.0304947197495	-15.4729763549577	-6.43022561852155	-1.05249383771191	-10.4414528739448	-10.1195247790574	-14.0215872981245	-8.88686402226716	-15.4681785407733	-9.19352536050122	-12.6157215840088	-8.94959977761513	-10.1935253605012	-14.4737374540671	-14.2817851707837	-7.21263418344892	-14.4737374540671	-9.53456227833628	-14.4729763549577	-7.66009316042014	-15.1263818305426	-15.0640269646657	-7.60856285978006	-12.0335213280013	-13.7420988697783	-9.74101315580371	-4.17232619479538	-10.9820212553075	-14.1616830258014	-14.2406795487735	-10.7410131558037	-14.7249046011605	-10.9820212553075	-11.1195247790574	-9.79759668417008	-14.6615554424678	-13.6216703458454	-12.5636729598275	-13.6678876912915	-13.0242162374208	-13.4729763549577	-8.91789091788779	-9.4414528739448	-12.0200076319992	-14.7249046011605	-9.91789091788779	-6.31733156211561	-10.4414528739448	-9.11952477905744	-8.37536368348703	-14.0233645235179	-8.4414528739448	-10.1195247790574	-7.84154003175767	-6.9416069868616	-11.2715278725025	-9.85649037322364	-9.79759668417008	-12.6325976744462	-9.23199950831585	-13.047635173725	-12.4517906496726	-13.381079385056	-8.35399003269446	-13.6034718063924	-8.9820212553075	-10.1935253605012	-8.37536368348703	-5.85273823836254	-10.049135451166	-13.4541279012774	-10.7410131558037	-4.83597335588313	-10.7410131558037	-8.11952477905744	-13.0242162374208	-11.8605327692339	-6.77611695675962	-8.15605065508255	-11.927098916031	-13.3459595964041	-4.72549088368966	-5.83782652895861	-12.9473934245677	-12.8301190254445	-5.04484809276294	-7.08390086932672	-10.3121883834926
58HT17.fastq	-4.53489250379104	-13.0493948004168	-13.3741791345532	-7.60378758500211	-7.25288042314298	-14.4697371967806	-8.95742453961681	-9.46438452833669	-4.048753937563	-1.97421978215978	-6.60378758500211	-13.7020103080886	-11.1273495410591	-10.0118723236392	-8.01187232363918	-13.927098916031	-9.25288042314298	-9.01187232363918	-14.234268583804	-14.4737374540671	-14.2817851707837	-13.7767414433999	-14.4737374540671	-8.35476003716219	-14.4729763549577	-8.01187232363918	-15.1263818305426	-15.0640269646657	-8.71231204178027	-6.44552550108537	-13.7420988697783	-7.26936854593155	-2.53988453313479	-8.66791792242182	-7.26936854593155	-14.2406795487735	-11.3903839468929	-14.7249046011605	-11.1273495410591	-15.4700868678253	-9.01187232363918	-10.9049571197227	-11.1273495410591	-7.87942202761553	-13.6678876912915	-13.0242162374208	-13.4729763549577	-5.92440948238884	-10.1273495410591	-8.80542144617176	-14.7249046011605	-8.15772319010264	-4.42229319484766	-8.12734954105912	-6.80542144617176	-5.89853085056324	-14.0233645235179	-4.71513256084265	-12.8745971924016	-7.93095232825562	-7.39038394689291	-10.0118723236392	-10.0118723236392	-12.8301190254445	-12.6325976744462	-11.7171623071112	-13.047635173725	-12.4517906496726	-8.50285867615132	-4.50774089753107	-13.6034718063924	-5.88576355448936	-8.12734954105912	-6.52248748290026	-4.42922368875627	-5.57788572155935	-13.4541279012774	-14.5850799027671	-13.451146704366	-14.3924963173218	-13.6650186112167	-13.0242162374208	-7.30292110564257	-6.0902602223239	-6.67888904024282	-8.95742453961681	-13.3459595964041	-5.75231010971219	-6.84194732219687	-7.62484920052994	-12.8301190254445	-5.8543310466527	-6.53240295176534	-8.03988669980878
64CT7.fastq	-12.8415643477306	-9.466974694003	-13.3741791345532	-14.7020103080886	-11.5373640218944	-14.4697371967806	-13.0304947197495	-6.98277517021676	-2.92633922458704	-4.24090661452315	-12.0233645235179	-13.7020103080886	-9.39986049814446	-13.352687178175	-9.73000909983679	-10.0519371947242	-12.6157215840088	-12.8605327692339	-10.2743296160606	-9.50174011216367	-10.3357301607247	-9.24458227266655	-6.17279158959854	-13.6489192697882	-10.3357301607247	-3.25520225531258	-8.43302736207966	-15.0640269646657	-5.57157973723231	-12.0335213280013	-13.7420988697783	-13.6049701327204	-0.990951826775042	-13.4384020227968	-14.1616830258014	-14.2406795487735	-14.5881680566627	-14.7249046011605	-9.73000909983679	-15.4700868678253	-6.7665349758619	-14.6615554424678	-13.6216703458454	-9.53736402189439	-13.6678876912915	-13.0242162374208	-9.95240152117324	-9.8148979974233	-6.82037312748945	-12.0200076319992	-14.7249046011605	-13.9591416352744	-13.2436202928472	-13.8661842036449	-12.5120614167522	-14.352687178175	-8.51944211389713	-8.68936711533944	-12.8745971924016	-12.894655386031	-10.3998604981445	-12.3247993548187	-11.8592921167818	-12.8301190254445	-12.6325976744462	-11.7171623071112	-13.047635173725	-12.4517906496726	-13.381079385056	-9.36743902045208	-13.6034718063924	-8.32013330567372	-13.0680584780199	-13.5323559252888	-8.36743902045208	-8.57388989791951	-13.4541279012774	-14.5850799027671	-3.40602148277113	-8.466974694003	-7.33573016072474	-13.0242162374208	-9.33573016072474	-13.6489192697882	-10.1044046146183	-11.927098916031	-13.3459595964041	-9.53736402189439	-8.85929211678176	-9.61136460333817	-12.8301190254445	-9.33573016072474	-13.3937591288623	-10.3121883834926
61CT7.fastq	-4.54587163457653	-8.16602356375999	-13.3741791345532	-6.95512678126137	-6.42106517884025	-14.4697371967806	-13.0304947197495	-10.4614794472862	-6.3359485652023	-2.01853595143743	-12.0233645235179	-13.7020103080886	-8.75098606448114	-13.352687178175	-15.4681785407733	-13.927098916031	-12.6157215840088	-12.8605327692339	-9.83344822467311	-14.4737374540671	-14.2817851707837	-8.79162804897849	-14.4737374540671	-13.6489192697882	-14.4729763549577	-5.3397104839985	-9.59898297103609	-15.0640269646657	-8.3359485652023	-12.0335213280013	-13.7420988697783	-7.59898297103609	-3.8561683011732	-8.75098606448114	-6.97839656058421	-14.2406795487735	-14.5881680566627	-14.7249046011605	-13.8957961505405	-7.92091106592345	-8.46147944728616	-14.6615554424678	-13.6216703458454	-12.5636729598275	-8.7114577002945	-13.0242162374208	-13.4729763549577	-8.08802105175871	-7.94363114242354	-12.0200076319992	-14.7249046011605	-13.9591416352744	-3.86970212500869	-6.74100197590852	-7.10073210350827	-14.352687178175	-14.0233645235179	-4.87925191428624	-12.8745971924016	-7.11355614386585	-6.26985937474452	-8.24848572395196	-14.9591416352744	-7.47796757007472	-12.6325976744462	-11.7171623071112	-13.047635173725	-7.3359485652023	-11.3359485652023	-5.05982415992806	-6.67298355247987	-4.64246160770297	-7.96671475553658	-6.50305855103756	-2.68071601194353	-6.97839656058421	-8.19299061136025	-14.5850799027671	-13.451146704366	-14.3924963173218	-13.6650186112167	-13.0242162374208	-11.8605327692339	-6.13300850653202	-4.9407714882843	-11.927098916031	-13.3459595964041	-5.72615421150121	-7.08802105175871	-7.83344822467311	-6.94363114242354	-6.05054634634005	-5.62170304753617	-10.3121883834926
63CT7.fastq	-12.8415643477306	-13.0493948004168	-13.3741791345532	-14.7020103080886	-12.8192310845252	-14.4697371967806	-13.0304947197495	-8.01753692156108	-1.70898523940989	-3.10123887269686	-12.0233645235179	-13.7020103080886	-14.0215872981245	-13.352687178175	-15.4681785407733	-8.51107639451864	-9.51107639451864	-12.8605327692339	-11.7590039079622	-9.05856418982113	-10.1151477181875	-9.40145190334414	-8.95164898590462	-13.6489192697882	-14.4729763549577	-3.46151440680124	-10.9516489859046	-15.0640269646657	-5.51821257580027	-12.0335213280013	-9.17404140724107	-13.6049701327204	-1.34736052009314	-13.4384020227968	-14.1616830258014	-14.2406795487735	-8.4191539050776	-10.5110763945186	-13.8957961505405	-8.56917934908221	-8.4191539050776	-9.75900390796222	-13.6216703458454	-9.23544195190521	-13.6678876912915	-13.0242162374208	-13.4729763549577	-4.86570237710166	-7.41027575373115	-12.0200076319992	-14.7249046011605	-13.9591416352744	-9.36668648518346	-13.8661842036449	-12.5120614167522	-14.352687178175	-14.0233645235179	-15.2436202928472	-12.8745971924016	-12.894655386031	-13.4384020227968	-12.3247993548187	-14.9591416352744	-12.8301190254445	-12.6325976744462	-11.7171623071112	-13.047635173725	-12.4517906496726	-13.381079385056	-14.7284165792168	-13.6034718063924	-15.3937591288623	-13.0680584780199	-13.5323559252888	-15.139791142151	-13.6678876912915	-13.4541279012774	-14.5850799027671	-10.7590039079622	-14.3924963173218	-12.4370758130749	-13.0242162374208	-11.8605327692339	-13.6489192697882	-13.1884343071136	-11.927098916031	-13.3459595964041	-10.2995722893249	-14.6102751206429	-12.9473934245677	-12.8301190254445	-13.7767414433999	-13.3937591288623	-10.3121883834926
32CT4.fastq	-5.38037310229212	-7.61814074951548	-13.3741791345532	-8.57083503473713	-6.59429400756111	-14.4697371967806	-13.0304947197495	-15.4729763549577	-6.53634665835183	-2.68425342152895	-7.03317824879433	-13.7020103080886	-14.0215872981245	-6.0655997264867	-6.14999191377708	-13.927098916031	-12.6157215840088	-12.8605327692339	-14.234268583804	-8.16747934050592	-14.2817851707837	-9.13271392234524	-8.61814074951548	-9.61814074951548	-14.4729763549577	-9.20310325023664	-15.1263818305426	-15.0640269646657	-15.1169530788488	-9.61814074951548	-13.7420988697783	-8.39574832817903	-6.66705034999643	-7.74367163159934	-9.00146938906699	-14.2406795487735	-14.5881680566627	-14.7249046011605	-9.61814074951548	-15.4700868678253	-10.0655997264867	-14.6615554424678	-8.66705034999643	-8.00146938906699	-13.6678876912915	-13.0242162374208	-13.4729763549577	-15.0327775677729	-11.2031032502366	-12.0200076319992	-14.7249046011605	-5.17630319089292	-4.98587253401597	-8.88117515534928	-5.78356435872285	-9.35510634368169	-8.0655997264867	-3.45356898256738	-8.61814074951548	-5.06150697185282	-3.56647862969299	-8.0987665904219	-8.77014384296053	-9.7176764230664	-12.6325976744462	-8.00146938906699	-7.2582448044291	-6.43756850387366	-9.525031345124	-6.21214838983965	-8.48063722576555	-4.12415190884182	-7.77014384296053	-6.50266353209555	-3.69372410132195	-13.6678876912915	-8.03317824879433	-14.5850799027671	-9.43756850387366	-14.3924963173218	-13.6650186112167	-10.2031032502366	-6.88117515534928	-5.61814074951548	-4.33273853065323	-11.927098916031	-13.3459595964041	-4.94383076319904	-5.6546666255406	-7.0172367049253	-7.66705034999643	-5.45894215466623	-5.01327869135662	-5.55348779117323
59HT17.fastq	-6.13262694436615	-7.64615430704436	-13.3741791345532	-8.32841400912043	-7.62539574687756	-9.94732384176493	-7.84778816821401	-10.5847537623802	-5.08225342185103	-1.87088996056257	-8.02675830925933	-13.7020103080886	-10.5847537623802	-7.92178874965779	-7.1547659216354	-13.927098916031	-12.6157215840088	-8.46927654496028	-14.234268583804	-7.75467876382253	-14.2817851707837	-11.1697162631014	-14.4737374540671	-8.66721592257219	-10.9473238417649	-6.57476967380759	-15.1263818305426	-15.0640269646657	-7.73231095079407	-7.4148287609379	-13.7420988697783	-4.7075548517085	-3.3829021194846	-13.4384020227968	-14.1616830258014	-14.2406795487735	-14.5881680566627	-14.7249046011605	-11.4327506689352	-15.4700868678253	-10.4327506689352	-14.6615554424678	-6.80048245343565	-12.5636729598275	-10.9473238417649	-13.0242162374208	-13.4729763549577	-10.9473238417649	-10.1697162631014	-9.75467876382253	-14.7249046011605	-7.45089801564543	-5.34528782768483	-7.36236134104377	-6.93449980140734	-9.16971626310137	-14.0233645235179	-4.78889447916044	-8.62539574687756	-7.82394142625964	-5.64093659777334	-8.89669776869496	-14.9591416352744	-12.8301190254445	-6.13996891970732	-11.7171623071112	-9.66721592257219	-8.05423904568144	-8.54522539819358	-6.3200505361858	-3.73369882491832	-4.57725922583329	-7.92178874965779	-7.62539574687756	-4.24095116787009	-10.1697162631014	-13.4541279012774	-9.75467876382253	-6.96026289747242	-14.3924963173218	-8.62539574687756	-9.05423904568144	-11.8605327692339	-6.07519866431708	-5.63573769109902	-9.84778816821401	-13.3459595964041	-4.64093659777334	-6.22329730330622	-7.46927654496028	-12.8301190254445	-5.99312753137805	-7.08225342185103	-6.48789222312763
60HT17.fastq	-6.97441458980553	-5.40673008051621	-13.3741791345532	-14.7020103080886	-7.45984141697577	-14.4697371967806	-13.0304947197495	-15.4729763549577	-3.97441458980553	-1.00615923110359	-6.49636729300088	-13.7020103080886	-14.0215872981245	-8.32233789322583	-6.49636729300088	-13.927098916031	-12.6157215840088	-9.19680701114197	-8.32233789322583	-7.13791332208841	-14.2817851707837	-13.7767414433999	-14.4737374540671	-13.6489192697882	-14.4729763549577	-7.97441458980553	-15.1263818305426	-9.19680701114197	-15.1169530788488	-12.0335213280013	-13.7420988697783	-13.6049701327204	-3.69430667061279	-13.4384020227968	-14.1616830258014	-14.2406795487735	-14.5881680566627	-14.7249046011605	-13.8957961505405	-15.4700868678253	-14.8881724496659	-14.6615554424678	-13.6216703458454	-12.5636729598275	-13.6678876912915	-13.0242162374208	-13.4729763549577	-7.02688200969966	-8.97441458980553	-7.45984141697577	-14.7249046011605	-9.19680701114197	-5.49636729300088	-6.53384199841955	-7.78176951186313	-14.352687178175	-14.0233645235179	-5.92378851673556	-8.45984141697577	-12.894655386031	-6.61184451042082	-9.45984141697577	-14.9591416352744	-12.8301190254445	-8.97441458980553	-11.7171623071112	-13.047635173725	-12.4517906496726	-13.381079385056	-6.61184451042082	-13.6034718063924	-4.97441458980553	-13.0680584780199	-13.5323559252888	-4.06067032315595	-9.19680701114197	-8.61184451042082	-14.5850799027671	-13.451146704366	-14.3924963173218	-13.6650186112167	-13.0242162374208	-7.53384199841955	-7.25820755580612	-8.61184451042082	-11.927098916031	-13.3459595964041	-5.57231614623418	-6.28991641553346	-7.78176951186313	-12.8301190254445	-5.06752399419701	-7.69430667061279	-10.3121883834926
52HT6.fastq	-7.6549824277551	-9.70228814253346	-13.3741791345532	-14.7020103080886	-8.36125122469839	-14.4697371967806	-10.8018238160844	-11.2872506432546	-5.50589092972996	-3.16209551193233	-10.0242162374208	-13.7020103080886	-14.0215872981245	-10.8018238160844	-15.4681785407733	-13.927098916031	-12.6157215840088	-9.90873902000089	-14.234268583804	-9.80182381608438	-14.2817851707837	-13.7767414433999	-14.4737374540671	-13.6489192697882	-12.0242162374208	-15.2465179431889	-15.1263818305426	-15.0640269646657	-15.1169530788488	-8.85429123597851	-13.7420988697783	-8.08561678208497	-5.67254079913941	-8.90873902000089	-14.1616830258014	-14.2406795487735	-11.609178738142	-14.7249046011605	-13.8957961505405	-15.4700868678253	-14.8881724496659	-14.6615554424678	-13.6216703458454	-12.5636729598275	-13.6678876912915	-12.0242162374208	-13.4729763549577	-10.8018238160844	-15.1653388536675	-12.0200076319992	-14.7249046011605	-7.47989572119701	-3.77787149433993	-7.41935417926196	-6.22547444566793	-9.02421623742082	-14.0233645235179	-3.97074282415151	-12.8745971924016	-8.90873902000089	-7.56478461878353	-10.1497471195047	-14.9591416352744	-8.2516267335239	-7.70228814253346	-9.90873902000089	-13.047635173725	-9.08561678208497	-10.4392537366997	-7.60917873814198	-9.90873902000089	-6.35179089544933	-9.14974711950468	-7.00926589595485	-0.889148291643006	-13.6678876912915	-10.0242162374208	-9.08561678208497	-13.451146704366	-14.3924963173218	-13.6650186112167	-12.0242162374208	-8.08561678208497	-7.36125122469839	-6.34239219744708	-9.70228814253346	-13.3459595964041	-7.2516267335239	-7.21686131536322	-8.75119774301441	-11.2872506432546	-6.69031550086738	-7.18291398343988	-6.21686131536322
72HT8.fastq	-12.8415643477306	-13.0493948004168	-13.3741791345532	-13.5323559252888	-12.8192310845252	-14.4697371967806	-13.0304947197495	-6.05662249432245	-3.08941242944012	-3.8301832399233	-10.2844284118453	-11.7250010032312	-14.0215872981245	-13.352687178175	-15.4681785407733	-7.77746842312538	-8.50998811226039	-12.8605327692339	-14.234268583804	-8.97776707361121	-14.2817851707837	-13.7767414433999	-14.4737374540671	-13.6489192697882	-14.4729763549577	-4.89754487511713	-15.1263818305426	-15.0640269646657	-5.77080469284437	-12.0335213280013	-13.7420988697783	-13.6049701327204	-0.529189418623681	-13.4384020227968	-14.1616830258014	-14.2406795487735	-14.5881680566627	-11.7250010032312	-13.8957961505405	-11.2104278304015	-8.40307290834388	-11.3624309238465	-13.6216703458454	-12.5636729598275	-13.6678876912915	-13.0242162374208	-13.4729763549577	-6.35244683527391	-9.07292430665155	-12.0200076319992	-14.7249046011605	-13.9591416352744	-13.2436202928472	-13.8661842036449	-12.5120614167522	-10.8319162071478	-14.0233645235179	-7.60161858772596	-12.8745971924016	-12.894655386031	-13.4384020227968	-12.3247993548187	-14.9591416352744	-12.8301190254445	-12.6325976744462	-11.7171623071112	-13.047635173725	-12.4517906496726	-13.381079385056	-11.2104278304015	-13.6034718063924	-8.46626673483108	-11.7250010032312	-12.5323559252888	-6.52112866986559	-13.6678876912915	-13.4541279012774	-14.5850799027671	-13.451146704366	-14.3924963173218	-13.6650186112167	-13.0242162374208	-11.8605327692339	-9.72500100323124	-13.1884343071136	-11.927098916031	-13.3459595964041	-13.0253126199217	-14.6102751206429	-11.9473934245677	-12.8301190254445	-9.36243092384654	-10.9473934245677	-10.3121883834926
70HT8.fastq	-12.8415643477306	-10.2272649532209	-13.3741791345532	-14.7020103080886	-12.8192310845252	-10.6423024524998	-13.0304947197495	-8.76783333458365	-2.56637768291838	-3.19475998864791	-12.0233645235179	-13.7020103080886	-11.2272649532209	-6.78985964091365	-7.85803114355523	-13.927098916031	-12.6157215840088	-12.8605327692339	-14.234268583804	-8.07076046754096	-14.2817851707837	-10.0573399517786	-14.4737374540671	-13.6489192697882	-14.4729763549577	-7.75694501844091	-12.0048725318845	-15.0640269646657	-8.13980211197061	-12.0335213280013	-13.7420988697783	-13.6049701327204	-1.02943395520875	-13.4384020227968	-14.1616830258014	-14.2406795487735	-14.5881680566627	-14.7249046011605	-8.28866549788509	-8.56429994049852	-14.8881724496659	-14.6615554424678	-13.6216703458454	-12.5636729598275	-13.6678876912915	-13.0242162374208	-9.13980211197061	-8.5454409132472	-8.4028365178044	-12.0200076319992	-14.7249046011605	-13.9591416352744	-13.2436202928472	-13.8661842036449	-6.68294443699714	-14.352687178175	-14.0233645235179	-15.2436202928472	-12.8745971924016	-12.894655386031	-13.4384020227968	-12.3247993548187	-14.9591416352744	-12.8301190254445	-12.6325976744462	-11.7171623071112	-13.047635173725	-12.4517906496726	-13.381079385056	-14.7284165792168	-13.6034718063924	-7.05733995177864	-13.0680584780199	-13.5323559252888	-5.97617709888403	-13.6678876912915	-13.4541279012774	-14.5850799027671	-2.87154680551801	-8.09798193627598	-7.37759922630538	-13.0242162374208	-11.8605327692339	-8.12572692675888	-13.1884343071136	-11.927098916031	-13.3459595964041	-13.0253126199217	-14.6102751206429	-12.9473934245677	-12.8301190254445	-7.58340876344622	-13.3937591288623	-10.3121883834926
74HT8.fastq	-8.53494438836793	-9.23155224491799	-9.91960823860325	-14.7020103080886	-12.8192310845252	-14.4697371967806	-13.0304947197495	-15.4729763549577	-1.15142391382633	-2.30530737961931	-6.94998188764677	-10.9196082386033	-9.91960823860325	-8.69721581726681	-15.4681785407733	-10.6301016214083	-7.02344404958779	-12.8605327692339	-10.6301016214083	-6.8703647195834	-14.2817851707837	-10.282178317988	-14.4737374540671	-13.6489192697882	-14.4729763549577	-6.85112850072049	-15.1263818305426	-15.0640269646657	-6.32134891526864	-12.0335213280013	-10.0895332400456	-13.6049701327204	-3.00406078086428	-9.23155224491799	-14.1616830258014	-14.2406795487735	-8.3346457378821	-8.63010162140827	-9.84160572660198	-7.74968323716094	-6.85112850072049	-8.80413102118332	-13.6216703458454	-12.5636729598275	-13.6678876912915	-13.0242162374208	-13.4729763549577	-4.12953130797749	-7.58173859984687	-12.0200076319992	-14.7249046011605	-9.50457073932441	-7.14701873470633	-13.8661842036449	-8.80413102118332	-14.352687178175	-14.0233645235179	-6.91960823860325	-10.0020703987952	-9.28217831798796	-7.80413102118332	-12.3247993548187	-12.0895332400456	-10.7676051451582	-12.6325976744462	-11.7171623071112	-13.047635173725	-12.4517906496726	-13.381079385056	-9.69721581726681	-13.6034718063924	-7.46017661996596	-13.0680584780199	-13.5323559252888	-5.55037442893753	-8.08953324004557	-9.84160572660198	-14.5850799027671	-10.9196082386033	-14.3924963173218	-13.6650186112167	-13.0242162374208	-10.6301016214083	-8.23155224491799	-8.28217831798796	-11.927098916031	-10.6301016214083	-7.08953324004557	-9.50457073932441	-12.9473934245677	-12.8301190254445	-13.7767414433999	-9.00207039879523	-10.3121883834926
82CT9.fastq	-8.77676200178623	-13.0493948004168	-13.3741791345532	-14.7020103080886	-7.6392584780363	-14.4697371967806	-13.0304947197495	-15.4729763549577	-1.24772194569116	-0.935040420657768	-12.0233645235179	-13.7020103080886	-14.0215872981245	-13.352687178175	-15.4681785407733	-9.77676200178623	-12.6157215840088	-12.8605327692339	-14.234268583804	-14.4737374540671	-14.2817851707837	-13.7767414433999	-14.4737374540671	-13.6489192697882	-14.4729763549577	-9.29133517461599	-15.1263818305426	-15.0640269646657	-15.1169530788488	-12.0335213280013	-13.7420988697783	-13.6049701327204	-4.88923673104464	-13.4384020227968	-14.1616830258014	-14.2406795487735	-14.5881680566627	-14.7249046011605	-13.8957961505405	-15.4700868678253	-14.8881724496659	-14.6615554424678	-13.6216703458454	-12.5636729598275	-13.6678876912915	-13.0242162374208	-13.4729763549577	-11.0986900966736	-11.0986900966736	-12.0200076319992	-14.7249046011605	-13.9591416352744	-13.2436202928472	-13.8661842036449	-12.5120614167522	-14.352687178175	-14.0233645235179	-9.51372759595244	-12.8745971924016	-12.894655386031	-8.92876509523128	-12.3247993548187	-14.9591416352744	-12.8301190254445	-12.6325976744462	-11.7171623071112	-13.047635173725	-12.4517906496726	-13.381079385056	-14.7284165792168	-11.0986900966736	-8.01122725542325	-13.0680584780199	-13.5323559252888	-15.139791142151	-13.6678876912915	-13.4541279012774	-14.5850799027671	-13.451146704366	-14.3924963173218	-13.6650186112167	-13.0242162374208	-11.8605327692339	-10.0986900966736	-13.1884343071136	-11.927098916031	-13.3459595964041	-13.0253126199217	-14.6102751206429	-12.9473934245677	-12.8301190254445	-13.7767414433999	-13.3937591288623	-8.6392584780363
87CT9.fastq	-12.8415643477306	-13.0493948004168	-13.3741791345532	-14.7020103080886	-12.8192310845252	-14.4697371967806	-12.0304947197495	-15.4729763549577	-4.56697034647829	-0.0732112641610533	-12.0233645235179	-13.7020103080886	-14.0215872981245	-13.352687178175	-15.4681785407733	-13.927098916031	-12.6157215840088	-12.8605327692339	-14.234268583804	-14.4737374540671	-14.2817851707837	-13.7767414433999	-14.4737374540671	-13.6489192697882	-14.4729763549577	-15.2465179431889	-15.1263818305426	-15.0640269646657	-11.0304947197495	-12.0335213280013	-13.7420988697783	-13.6049701327204	-7.38663852997474	-13.4384020227968	-14.1616830258014	-14.2406795487735	-14.5881680566627	-14.7249046011605	-13.8957961505405	-15.4700868678253	-14.8881724496659	-14.6615554424678	-13.6216703458454	-12.5636729598275	-13.6678876912915	-13.0242162374208	-13.4729763549577	-11.4455322190283	-15.1653388536675	-12.0200076319992	-14.7249046011605	-13.9591416352744	-13.2436202928472	-13.8661842036449	-12.5120614167522	-14.352687178175	-14.0233645235179	-12.0304947197495	-12.8745971924016	-12.894655386031	-13.4384020227968	-12.3247993548187	-14.9591416352744	-12.8301190254445	-12.6325976744462	-11.7171623071112	-13.047635173725	-12.4517906496726	-13.381079385056	-14.7284165792168	-13.6034718063924	-15.3937591288623	-13.0680584780199	-13.5323559252888	-15.139791142151	-13.6678876912915	-13.4541279012774	-14.5850799027671	-13.451146704366	-14.3924963173218	-13.6650186112167	-13.0242162374208	-11.8605327692339	-13.6489192697882	-13.1884343071136	-11.927098916031	-13.3459595964041	-13.0253126199217	-14.6102751206429	-12.9473934245677	-12.8301190254445	-13.7767414433999	-13.3937591288623	-10.3121883834926
93HT10.fastq	-7.4276620381439	-13.0493948004168	-13.3741791345532	-14.7020103080886	-12.8192310845252	-14.4697371967806	-13.0304947197495	-15.4729763549577	-3.67277453598043	-0.663896384633982	-12.0233645235179	-13.7020103080886	-14.0215872981245	-13.352687178175	-15.4681785407733	-13.927098916031	-12.6157215840088	-12.8605327692339	-14.234268583804	-14.4737374540671	-14.2817851707837	-13.7767414433999	-14.4737374540671	-13.6489192697882	-14.4729763549577	-15.2465179431889	-15.1263818305426	-15.0640269646657	-15.1169530788488	-12.0335213280013	-13.7420988697783	-13.6049701327204	-5.4276620381439	-13.4384020227968	-14.1616830258014	-14.2406795487735	-14.5881680566627	-14.7249046011605	-13.8957961505405	-15.4700868678253	-14.8881724496659	-14.6615554424678	-13.6216703458454	-12.5636729598275	-13.6678876912915	-6.84269953742275	-13.4729763549577	-15.0327775677729	-15.1653388536675	-12.0200076319992	-14.7249046011605	-13.9591416352744	-6.20526961680746	-6.10573394325654	-12.5120614167522	-14.352687178175	-14.0233645235179	-4.08188720130217	-12.8745971924016	-6.55319292022776	-13.4384020227968	-8.4276620381439	-14.9591416352744	-12.8301190254445	-12.6325976744462	-11.7171623071112	-13.047635173725	-12.4517906496726	-13.381079385056	-7.4276620381439	-13.6034718063924	-5.25773703670159	-13.0680584780199	-13.5323559252888	-3.96823041950661	-13.6678876912915	-13.4541279012774	-14.5850799027671	-13.451146704366	-14.3924963173218	-13.6650186112167	-13.0242162374208	-11.8605327692339	-7.20526961680746	-13.1884343071136	-8.01262453886506	-13.3459595964041	-5.25773703670159	-6.31218482072397	-12.9473934245677	-12.8301190254445	-7.20526961680746	-13.3937591288623	-10.3121883834926
68HT8.fastq	-12.8415643477306	-13.0493948004168	-13.3741791345532	-14.7020103080886	-12.8192310845252	-14.4697371967806	-13.0304947197495	-6.27612440527424	-4.76155123244448	-4.32859182516837	-12.0233645235179	-13.7020103080886	-14.0215872981245	-13.352687178175	-15.4681785407733	-6.17658873172332	-12.6157215840088	-12.8605327692339	-7.76155123244448	-14.4737374540671	-14.2817851707837	-4.95419631038687	-14.4737374540671	-13.6489192697882	-14.4729763549577	-3.65721457262974	-7.27612440527424	-15.0640269646657	-5.49851682661069	-12.0335213280013	-13.7420988697783	-7.08347932733184	-0.569751731379404	-13.4384020227968	-14.1616830258014	-14.2406795487735	-14.5881680566627	-14.7249046011605	-13.8957961505405	-15.4700868678253	-14.8881724496659	-14.6615554424678	-13.6216703458454	-12.5636729598275	-13.6678876912915	-13.0242162374208	-13.4729763549577	-6.76155123244448	-6.76155123244448	-12.0200076319992	-14.7249046011605	-13.9591416352744	-13.2436202928472	-13.8661842036449	-12.5120614167522	-14.352687178175	-14.0233645235179	-15.2436202928472	-12.8745971924016	-12.894655386031	-13.4384020227968	-12.3247993548187	-14.9591416352744	-12.8301190254445	-12.6325976744462	-11.7171623071112	-13.047635173725	-12.4517906496726	-13.381079385056	-14.7284165792168	-13.6034718063924	-7.76155123244448	-13.0680584780199	-13.5323559252888	-7.08347932733184	-13.6678876912915	-13.4541279012774	-14.5850799027671	-7.08347932733184	-14.3924963173218	-13.6650186112167	-13.0242162374208	-11.8605327692339	-13.6489192697882	-5.76155123244448	-11.927098916031	-13.3459595964041	-13.0253126199217	-14.6102751206429	-12.9473934245677	-12.8301190254445	-7.76155123244448	-13.3937591288623	-10.3121883834926
92HT10.fastq	-9.48663393507016	-13.0493948004168	-13.3741791345532	-14.7020103080886	-12.8192310845252	-14.4697371967806	-13.0304947197495	-15.4729763549577	-4.00120710789992	-4.92591898059568	-12.0233645235179	-13.7020103080886	-14.0215872981245	-13.352687178175	-15.4681785407733	-9.48663393507016	-12.6157215840088	-12.8605327692339	-14.234268583804	-14.4737374540671	-14.2817851707837	-8.34913041132023	-14.4737374540671	-13.6489192697882	-9.80856202995752	-15.2465179431889	-15.1263818305426	-15.0640269646657	-9.22359952923637	-12.0335213280013	-13.7420988697783	-13.6049701327204	-5.17920540987792	-13.4384020227968	-14.1616830258014	-14.2406795487735	-14.5881680566627	-14.7249046011605	-13.8957961505405	-15.4700868678253	-14.8881724496659	-14.6615554424678	-13.6216703458454	-9.80856202995752	-13.6678876912915	-9.22359952923637	-13.4729763549577	-15.0327775677729	-15.1653388536675	-12.0200076319992	-14.7249046011605	-7.28500007390051	-4.39070951507163	-13.8661842036449	-9.00120710789992	-7.1647058401828	-8.00120710789992	-5.45101002533944	-12.8745971924016	-6.63863702851521	-5.61873747107751	-12.3247993548187	-14.9591416352744	-12.8301190254445	-9.48663393507016	-11.7171623071112	-13.047635173725	-12.4517906496726	-13.381079385056	-6.28500007390051	-13.6034718063924	-7.1647058401828	-13.0680584780199	-6.00120710789992	-3.06709504355638	-13.6678876912915	-13.4541279012774	-14.5850799027671	-13.451146704366	-14.3924963173218	-13.6650186112167	-13.0242162374208	-11.8605327692339	-13.6489192697882	-7.90167143434901	-2.70265352138637	-13.3459595964041	-2.22924609237751	-3.82556845526321	-9.48663393507016	-6.31670893362785	-4.3739338023208	-3.54646718458735	-10.3121883834926
80LT18.fastq	-8.38032331227674	-13.0493948004168	-10.3543281037438	-14.7020103080886	-6.88555862052716	-14.4697371967806	-13.0304947197495	-6.54697318168619	-2.29054784155836	-2.65190802147446	-5.70635580549684	-7.95222966017245	-14.0215872981245	-7.99175802435909	-7.40679552363793	-13.927098916031	-8.76936560302264	-9.07422018455106	-9.30370203067383	-9.99175802435909	-14.2817851707837	-8.25479243019288	-9.91375551235782	-8.25479243019288	-14.4729763549577	-6.53963120634503	-15.1263818305426	-15.0640269646657	-7.53232640572179	-12.0335213280013	-13.7420988697783	-13.6049701327204	-1.67459668553013	-13.4384020227968	-13.1616830258014	-14.2406795487735	-9.63812106974439	-9.03240000885643	-10.0742201845511	-7.03240000885643	-7.59182741747045	-14.6615554424678	-13.6216703458454	-12.5636729598275	-11.3543281037438	-9.99175802435909	-13.4729763549577	-4.64598318751736	-7.07422018455106	-12.0200076319992	-14.7249046011605	-13.9591416352744	-4.80633192937659	-13.8661842036449	-7.38032331227674	-10.839754930914	-14.0233645235179	-5.62252421469337	-7.66982992947173	-12.894655386031	-7.95222966017245	-10.4612433076603	-11.5767205250802	-12.8301190254445	-12.6325976744462	-8.1616830258014	-13.047635173725	-12.4517906496726	-8.99175802435909	-8.80413102118332	-13.6034718063924	-5.11183447635084	-9.07422018455106	-13.5323559252888	-4.93046184509022	-13.6678876912915	-7.27903997643956	-14.5850799027671	-13.451146704366	-14.3924963173218	-13.6650186112167	-13.0242162374208	-9.11728890644295	-9.07422018455106	-13.1884343071136	-8.66982992947173	-8.63812106974439	-13.0253126199217	-14.6102751206429	-12.9473934245677	-12.8301190254445	-6.79536081155559	-8.27903997643956	-10.3121883834926
111LT12.fastq	-12.8415643477306	-13.0493948004168	-13.3741791345532	-14.7020103080886	-8.6764468625193	-11.2614093632405	-13.0304947197495	-8.69662474445693	-1.93423100766589	-1.08347081418655	-12.0233645235179	-13.7020103080886	-14.0215872981245	-13.352687178175	-10.4540544411828	-9.75890902271127	-12.6157215840088	-12.8605327692339	-14.234268583804	-12.039016941904	-11.5244437690742	-9.14593214582051	-14.4737374540671	-13.6489192697882	-8.93948126835309	-9.52444376907425	-11.3869402453243	-15.0640269646657	-10.5244437690742	-10.3228099079046	-13.7420988697783	-9.93948126835309	-3.58721709509477	-13.4384020227968	-14.1616830258014	-14.2406795487735	-10.3869402453243	-14.7249046011605	-13.8957961505405	-15.4700868678253	-10.4540544411828	-14.6615554424678	-13.6216703458454	-12.5636729598275	-13.6678876912915	-10.3228099079046	-13.4729763549577	-9.71708884701664	-10.598444350518	-12.0200076319992	-14.7249046011605	-13.9591416352744	-6.09817901437215	-8.15987133677839	-6.50207595604579	-6.41591931229608	-14.0233645235179	-4.6235769610935	-12.8745971924016	-9.38694024532431	-13.4384020227968	-8.54259111578451	-14.9591416352744	-10.598444350518	-8.33857722376291	-11.7171623071112	-13.047635173725	-12.4517906496726	-8.48881985934352	-5.80197774460315	-10.6764468625193	-5.56328351093761	-13.0680584780199	-10.5244437690742	-7.45405444118285	-13.6678876912915	-13.4541279012774	-14.5850799027671	-8.01348184979687	-14.3924963173218	-13.6650186112167	-13.0242162374208	-11.8605327692339	-8.71708884701664	-7.68650052718322	-11.927098916031	-13.3459595964041	-7.90385735862237	-10.2025156741869	-12.9473934245677	-12.8301190254445	-7.81294886242416	-7.7274307912381	-10.3121883834926
81CT9.fastq	-3.94324739590155	-13.0493948004168	-13.3741791345532	-14.7020103080886	-7.62131930101419	-14.4697371967806	-13.0304947197495	-15.4729763549577	-4.02438415862696	-0.939026929583359	-7.48381577726426	-13.7020103080886	-14.0215872981245	-13.352687178175	-15.4681785407733	-13.927098916031	-12.6157215840088	-12.8605327692339	-14.234268583804	-8.3582848951804	-14.2817851707837	-13.7767414433999	-14.4737374540671	-13.6489192697882	-14.4729763549577	-15.2465179431889	-15.1263818305426	-15.0640269646657	-15.1169530788488	-12.0335213280013	-13.7420988697783	-13.6049701327204	-6.24280767776046	-13.4384020227968	-14.1616830258014	-7.94324739590155	-14.5881680566627	-14.7249046011605	-13.8957961505405	-15.4700868678253	-14.8881724496659	-14.6615554424678	-9.3582848951804	-12.5636729598275	-9.3582848951804	-13.0242162374208	-13.4729763549577	-8.94324739590155	-15.1653388536675	-12.0200076319992	-14.7249046011605	-7.62131930101419	-5.51698264119946	-7.03635680029304	-8.13589247384395	-8.13589247384395	-14.0233645235179	-4.9208795828731	-6.41968543984454	-12.894655386031	-7.3582848951804	-8.62131930101419	-14.9591416352744	-12.8301190254445	-8.13589247384395	-11.7171623071112	-13.047635173725	-12.4517906496726	-13.381079385056	-8.13589247384395	-13.6034718063924	-4.38865854422392	-13.0680584780199	-6.29939120612683	-4.9208795828731	-5.16188768237689	-5.03635680029304	-14.5850799027671	-13.451146704366	-14.3924963173218	-13.6650186112167	-13.0242162374208	-6.94324739590155	-6.62131930101419	-5.8988532765431	-11.927098916031	-9.3582848951804	-8.3582848951804	-7.3582848951804	-12.9473934245677	-12.8301190254445	-7.24280767776046	-6.69531988245797	-10.3121883834926
90HT10.fastq	-9.98345336850924	-13.0493948004168	-13.3741791345532	-10.1302947568385	-12.8192310845252	-14.4697371967806	-13.0304947197495	-15.4729763549577	-4.95038566682357	-0.105353000146229	-10.8501868376458	-13.7020103080886	-14.0215872981245	-12.352687178175	-10.8501868376458	-13.927098916031	-11.6157215840088	-12.8605327692339	-14.234268583804	-14.4737374540671	-14.2817851707837	-11.9376496788961	-14.4737374540671	-13.6489192697882	-12.9376496788961	-15.2465179431889	-15.1263818305426	-15.0640269646657	-10.6897221654525	-12.0335213280013	-13.7420988697783	-13.6049701327204	-7.27943819614432	-13.4384020227968	-14.1616830258014	-14.2406795487735	-14.5881680566627	-14.7249046011605	-13.8957961505405	-13.352687178175	-14.8881724496659	-14.6615554424678	-12.1302947568385	-12.5636729598275	-13.6678876912915	-13.0242162374208	-13.4729763549577	-9.4140877228391	-15.1653388536675	-12.0200076319992	-14.7249046011605	-11.352687178175	-8.61572158400875	-13.8661842036449	-10.9376496788961	-13.352687178175	-11.6157215840088	-8.29379348912139	-12.8745971924016	-12.894655386031	-11.1302947568385	-12.3247993548187	-14.9591416352744	-12.8301190254445	-12.6325976744462	-11.7171623071112	-13.047635173725	-10.8501868376458	-13.381079385056	-9.44579658256644	-11.0307590832876	-8.06728495931271	-13.0680584780199	-10.352687178175	-7.78790255939143	-10.9376496788961	-13.4541279012774	-10.0307590832876	-13.451146704366	-14.3924963173218	-13.6650186112167	-13.0242162374208	-11.8605327692339	-9.7677246774538	-10.9376496788961	-11.927098916031	-11.7677246774538	-9.18276217673264	-10.1827621767326	-11.1302947568385	-12.8301190254445	-13.7767414433999	-13.3937591288623	-10.3121883834926
95LT21.fastq	-12.8415643477306	-13.0493948004168	-10.5431805747061	-14.7020103080886	-12.8192310845252	-14.4697371967806	-13.0304947197495	-15.4729763549577	-1.26714566941897	-1.52883815808701	-5.84487660090905	-9.01480160235136	-14.0215872981245	-13.352687178175	-7.46226057932258	-13.927098916031	-12.6157215840088	-12.8605327692339	-14.234268583804	-4.8523767034198	-14.2817851707837	-7.61426367276763	-12.6586577921261	-13.6489192697882	-5.26777232484046	-5.43626537078964	-15.1263818305426	-15.0640269646657	-7.13509583606907	-12.0335213280013	-13.7420988697783	-13.6049701327204	-3.51527457813626	-13.4384020227968	-14.1616830258014	-14.2406795487735	-14.5881680566627	-14.7249046011605	-13.8957961505405	-7.88606828822916	-9.31288295528435	-14.6615554424678	-13.6216703458454	-12.5636729598275	-13.6678876912915	-13.0242162374208	-13.4729763549577	-7.00044630937429	-9.72005833679023	-12.0200076319992	-14.7249046011605	-13.9591416352744	-12.2436202928472	-13.8661842036449	-12.5120614167522	-14.352687178175	-14.0233645235179	-14.2436202928472	-12.8745971924016	-12.894655386031	-13.4384020227968	-12.3247993548187	-14.9591416352744	-12.8301190254445	-12.6325976744462	-11.7171623071112	-13.047635173725	-12.4517906496726	-13.381079385056	-14.7284165792168	-13.6034718063924	-15.3937591288623	-13.0680584780199	-13.5323559252888	-12.6586577921261	-13.6678876912915	-13.4541279012774	-10.1143372759023	-7.84274085656506	-14.3924963173218	-13.6650186112167	-6.97683375215234	-11.8605327692339	-13.6489192697882	-13.1884343071136	-11.927098916031	-13.3459595964041	-13.0253126199217	-14.6102751206429	-12.9473934245677	-12.8301190254445	-11.3367296972387	-13.3937591288623	-10.3121883834926
96LT21.fastq	-12.8415643477306	-13.0493948004168	-13.3741791345532	-9.24138736399894	-12.8192310845252	-14.4697371967806	-13.0304947197495	-15.4729763549577	-4.34656960069099	-0.115973893515622	-12.0233645235179	-13.7020103080886	-14.0215872981245	-13.352687178175	-15.4681785407733	-13.927098916031	-12.6157215840088	-12.8605327692339	-14.234268583804	-14.4737374540671	-14.2817851707837	-13.7767414433999	-14.4737374540671	-13.6489192697882	-14.4729763549577	-15.2465179431889	-15.1263818305426	-15.0640269646657	-15.1169530788488	-12.0335213280013	-13.7420988697783	-13.6049701327204	-6.65642486327778	-13.4384020227968	-14.1616830258014	-14.2406795487735	-14.5881680566627	-14.7249046011605	-13.8957961505405	-15.4700868678253	-14.8881724496659	-14.6615554424678	-13.6216703458454	-12.5636729598275	-13.6678876912915	-13.0242162374208	-13.4729763549577	-15.0327775677729	-15.1653388536675	-12.0200076319992	-14.7249046011605	-13.9591416352744	-13.2436202928472	-13.8661842036449	-12.5120614167522	-14.352687178175	-14.0233645235179	-15.2436202928472	-12.8745971924016	-12.894655386031	-13.4384020227968	-12.3247993548187	-14.9591416352744	-12.8301190254445	-12.6325976744462	-11.7171623071112	-13.047635173725	-12.4517906496726	-13.381079385056	-8.24138736399894	-13.6034718063924	-8.24138736399894	-13.0680584780199	-13.5323559252888	-7.43403244194133	-13.6678876912915	-13.4541279012774	-14.5850799027671	-13.451146704366	-14.3924963173218	-13.6650186112167	-13.0242162374208	-10.2413873639989	-13.6489192697882	-13.1884343071136	-11.927098916031	-13.3459595964041	-13.0253126199217	-14.6102751206429	-12.9473934245677	-12.8301190254445	-13.7767414433999	-13.3937591288623	-8.24138736399894
94HT10.fastq	-8.78381675932018	-13.0493948004168	-13.3741791345532	-14.7020103080886	-8.54677756201933	-14.4697371967806	-13.0304947197495	-15.4729763549577	-1.36025059323989	-1.07374833998131	-7.19885425859903	-13.7020103080886	-14.0215872981245	-13.352687178175	-15.4681785407733	-13.927098916031	-12.6157215840088	-12.8605327692339	-14.234268583804	-11.2692435864904	-14.2817851707837	-10.2692435864904	-14.4737374540671	-13.6489192697882	-9.13174006274049	-15.2465179431889	-11.2692435864904	-15.0640269646657	-10.2692435864904	-12.0335213280013	-13.7420988697783	-13.6049701327204	-7.73319068625021	-13.4384020227968	-14.1616830258014	-14.2406795487735	-14.5881680566627	-14.7249046011605	-13.8957961505405	-15.4700868678253	-14.8881724496659	-14.6615554424678	-9.89073196323669	-8.54677756201933	-13.6678876912915	-8.42124667993547	-13.4729763549577	-15.0327775677729	-15.1653388536675	-8.46188866443282	-14.7249046011605	-13.9591416352744	-7.6604343438149	-9.19885425859903	-9.89073196323669	-9.50370884012745	-10.2692435864904	-6.73319068625021	-10.2692435864904	-12.894655386031	-8.2336196767597	-12.3247993548187	-14.9591416352744	-10.5911716813778	-12.6325976744462	-11.7171623071112	-13.047635173725	-10.5911716813778	-13.381079385056	-7.61389175787787	-13.6034718063924	-6.28739093320068	-13.0680584780199	-13.5323559252888	-5.70852863201594	-13.6678876912915	-13.4541279012774	-14.5850799027671	-8.19885425859903	-14.3924963173218	-13.6650186112167	-13.0242162374208	-8.94731549160306	-9.3432441679342	-8.19885425859903	-8.2336196767597	-13.3459595964041	-6.22484946713197	-7.56880386834933	-12.9473934245677	-12.8301190254445	-6.75828166721304	-9.00620918065663	-10.3121883834926
112LT12.fastq	-7.92353972448407	-13.0493948004168	-13.3741791345532	-14.7020103080886	-12.8192310845252	-14.4697371967806	-13.0304947197495	-15.4729763549577	-0.871359860159019	-1.98942766014052	-5.58114752703699	-13.7020103080886	-14.0215872981245	-13.352687178175	-15.4681785407733	-9.40896655165431	-12.6157215840088	-12.8605327692339	-14.234268583804	-14.4737374540671	-14.2817851707837	-8.14593214582051	-14.4737374540671	-13.6489192697882	-8.14593214582051	-15.2465179431889	-15.1263818305426	-15.0640269646657	-7.92353972448407	-12.0335213280013	-13.7420988697783	-10.1459321458205	-4.03740768904235	-13.4384020227968	-14.1616830258014	-14.2406795487735	-8.92353972448407	-14.7249046011605	-13.8957961505405	-15.4700868678253	-14.8881724496659	-14.6615554424678	-7.92353972448407	-12.5636729598275	-13.6678876912915	-13.0242162374208	-13.4729763549577	-15.0327775677729	-9.73089464654167	-12.0200076319992	-14.7249046011605	-8.56096964509936	-13.2436202928472	-13.8661842036449	-12.5120614167522	-14.352687178175	-9.40896655165431	-6.68650052718322	-12.8745971924016	-8.14593214582051	-13.4384020227968	-12.3247993548187	-14.9591416352744	-10.1459321458205	-12.6325976744462	-11.7171623071112	-13.047635173725	-12.4517906496726	-13.381079385056	-7.14593214582052	-13.6034718063924	-6.52144128091272	-13.0680584780199	-13.5323559252888	-6.92353972448407	-7.92353972448407	-13.4541279012774	-14.5850799027671	-9.40896655165431	-14.3924963173218	-13.6650186112167	-13.0242162374208	-7.64343180529133	-7.82400405093315	-7.64343180529133	-11.927098916031	-13.3459595964041	-6.40896655165431	-6.8729136514141	-12.9473934245677	-9.14593214582051	-13.7767414433999	-6.92353972448407	-10.3121883834926
109LT12.fastq	-12.8415643477306	-13.0493948004168	-13.3741791345532	-14.7020103080886	-12.8192310845252	-14.4697371967806	-13.0304947197495	-10.8223535521464	-0.308984835559259	-2.74359623873132	-12.0233645235179	-13.7020103080886	-14.0215872981245	-13.352687178175	-15.4681785407733	-13.927098916031	-12.6157215840088	-12.8605327692339	-10.9598570758964	-14.4737374540671	-13.2817851707837	-9.63792898100901	-12.6968226700626	-13.6489192697882	-10.9598570758964	-9.58134545264265	-15.1263818305426	-15.0640269646657	-9.69682267006258	-12.0335213280013	-13.7420988697783	-13.6049701327204	-4.83057405895141	-13.4384020227968	-14.1616830258014	-14.2406795487735	-11.6968226700626	-14.7249046011605	-13.8957961505405	-10.6968226700626	-11.6968226700626	-14.6615554424678	-13.6216703458454	-12.5636729598275	-13.6678876912915	-13.0242162374208	-13.4729763549577	-11.2817851707837	-11.9598570758964	-12.0200076319992	-14.7249046011605	-13.9591416352744	-13.2436202928472	-13.8661842036449	-12.5120614167522	-14.352687178175	-14.0233645235179	-15.2436202928472	-12.8745971924016	-12.894655386031	-13.4384020227968	-12.3247993548187	-14.9591416352744	-12.8301190254445	-12.6325976744462	-11.7171623071112	-13.047635173725	-12.4517906496726	-13.381079385056	-10.5813454526426	-13.6034718063924	-15.3937591288623	-13.0680584780199	-13.5323559252888	-11.9598570758964	-13.6678876912915	-13.4541279012774	-14.5850799027671	-13.451146704366	-14.3924963173218	-13.6650186112167	-13.0242162374208	-11.8605327692339	-13.6489192697882	-13.1884343071136	-11.927098916031	-13.3459595964041	-13.0253126199217	-14.6102751206429	-12.9473934245677	-12.8301190254445	-13.7767414433999	-13.3937591288623	-10.3121883834926
67CT7.fastq	-6.40489110390953	-9.32242894371756	-13.3741791345532	-14.7020103080886	-12.8192310845252	-14.4697371967806	-9.49235394515987	-7.3630709282149	-2.95125732981035	-2.27682094541421	-8.68499902310227	-13.7020103080886	-14.0215872981245	-13.352687178175	-8.68499902310227	-13.927098916031	-12.6157215840088	-12.8605327692339	-14.234268583804	-14.4737374540671	-14.2817851707837	-8.10003652238111	-14.4737374540671	-6.30252938627985	-14.4729763549577	-6.15250394227525	-8.49235394515987	-15.0640269646657	-7.03292232652257	-12.0335213280013	-13.7420988697783	-8.24442643171628	-1.85210900893752	-13.4384020227968	-14.1616830258014	-14.2406795487735	-14.5881680566627	-14.7249046011605	-8.68499902310227	-8.17042585027251	-9.68499902310227	-14.6615554424678	-13.6216703458454	-12.5636729598275	-9.68499902310227	-13.0242162374208	-13.4729763549577	-9.32242894371756	-8.17042585027251	-12.0200076319992	-14.7249046011605	-13.9591416352744	-6.17042585027251	-8.58546334955135	-7.03292232652257	-14.352687178175	-9.03292232652257	-5.41553834810904	-12.8745971924016	-8.24442643171628	-6.44795982580142	-12.3247993548187	-14.9591416352744	-9.03292232652257	-12.6325976744462	-11.7171623071112	-9.49235394515987	-12.4517906496726	-13.381079385056	-5.05772571752315	-13.6034718063924	-5.02474839507687	-7.96879198910286	-8.10003652238111	-4.59753618185193	-13.6678876912915	-13.4541279012774	-14.5850799027671	-4.65315015706293	-14.3924963173218	-13.6650186112167	-13.0242162374208	-10.1704258502725	-5.52656966049778	-5.93776509348223	-9.17042585027251	-13.3459595964041	-6.58546334955135	-5.90739144443871	-6.84849775538515	-9.17042585027251	-7.40489110390953	-8.24442643171628	-10.3121883834926
99LT21.fastq	-8.29243553667319	-13.0493948004168	-11.950647019425	-10.0926660242974	-12.8192310845252	-14.4697371967806	-13.0304947197495	-8.44285237922629	-3.81879005881619	-0.313965761525716	-6.21932798839992	-13.7020103080886	-14.0215872981245	-13.352687178175	-15.4681785407733	-12.1432920973674	-8.39605816774735	-12.8605327692339	-14.234268583804	-11.4912154007877	-14.2817851707837	-10.8631841781746	-11.950647019425	-13.6489192697882	-11.6287189245376	-9.36568451870383	-11.2502073012839	-15.0640269646657	-9.5930950148069	-7.7907756826466	-13.7420988697783	-13.6049701327204	-4.52333417529002	-10.1957595172615	-14.1616830258014	-14.2406795487735	-11.950647019425	-14.7249046011605	-10.8631841781746	-12.1432920973674	-8.76082246054497	-11.0437564238165	-13.6216703458454	-12.5636729598275	-13.6678876912915	-9.62871892453762	-13.4729763549577	-7.14974711950468	-10.4912154007877	-12.0200076319992	-14.7249046011605	-9.74119365379604	-7.88455782896721	-13.8661842036449	-10.2502073012839	-9.14329209736738	-14.0233645235179	-8.36568451870383	-10.950647019425	-12.894655386031	-9.95064701942499	-12.3247993548187	-11.4912154007877	-12.8301190254445	-12.6325976744462	-11.7171623071112	-13.047635173725	-12.4517906496726	-13.381079385056	-8.52438226472289	-13.6034718063924	-9.33593717530978	-13.0680584780199	-11.2502073012839	-8.84212256264682	-13.6678876912915	-13.4541279012774	-14.5850799027671	-10.2502073012839	-14.3924963173218	-13.6650186112167	-13.0242162374208	-11.8605327692339	-9.62871892453762	-13.1884343071136	-11.927098916031	-13.3459595964041	-7.96196233265282	-14.6102751206429	-8.62871892453762	-12.8301190254445	-13.7767414433999	-8.23640150175886	-8.44285237922629
97LT21.fastq	-8.56914760031077	-13.0493948004168	-13.3741791345532	-14.7020103080886	-8.67043093614795	-14.4697371967806	-10.8668281489515	-12.1298625547852	-1.67063587897675	-1.1560217152521	-10.0594732268939	-13.7020103080886	-14.0215872981245	-13.352687178175	-15.4681785407733	-11.4517906496726	-12.6157215840088	-12.8605327692339	-11.644435727615	-14.4737374540671	-14.2817851707837	-7.73754513200649	-14.4737374540671	-13.6489192697882	-8.89720179799497	-10.5449000540641	-11.2818656482303	-15.0640269646657	-10.644435727615	-12.0335213280013	-13.7420988697783	-11.4517906496726	-5.06808635719856	-9.32250763272764	-14.1616830258014	-12.4517906496726	-14.5881680566627	-14.7249046011605	-9.32250763272764	-15.4700868678253	-14.8881724496659	-14.6615554424678	-9.59380965454504	-12.5636729598275	-13.6678876912915	-13.0242162374208	-13.4729763549577	-15.0327775677729	-15.1653388536675	-12.0200076319992	-14.7249046011605	-13.9591416352744	-8.14800990149551	-9.9282286936156	-7.42942283664416	-10.203863136229	-14.0233645235179	-6.04664918653627	-12.8745971924016	-12.894655386031	-9.24233728404366	-12.3247993548187	-14.9591416352744	-9.9282286936156	-12.6325976744462	-8.77936530770111	-10.7513509315315	-11.4517906496726	-13.381079385056	-5.98826627640143	-13.6034718063924	-4.67207129452921	-13.0680584780199	-9.2818656482303	-4.07566526039644	-8.89720179799497	-9.99235903103531	-14.5850799027671	-7.65737478332251	-14.3924963173218	-13.6650186112167	-10.7513509315315	-7.95993755334294	-7.61890063550787	-10.1298625547852	-11.927098916031	-10.5449000540641	-7.56914760031077	-9.32250763272764	-10.3643278084223	-11.2818656482303	-7.30204353016793	-7.72387019510941	-10.3121883834926
114LT12.fastq	-10.4856704478262	-13.0493948004168	-13.3741791345532	-14.7020103080886	-12.8192310845252	-14.4697371967806	-13.0304947197495	-15.4729763549577	-2.14699270066622	-0.489531497075008	-8.54377340238981	-13.7020103080886	-14.0215872981245	-13.352687178175	-10.6461351200195	-12.7335979612698	-12.6157215840088	-12.8605327692339	-14.234268583804	-11.2741663426325	-14.2817851707837	-11.2741663426325	-14.4737374540671	-13.6489192697882	-11.0331582431287	-10.2100360052128	-10.9262430392122	-15.0640269646657	-9.03315824312873	-8.52414459564088	-13.7420988697783	-13.6049701327204	-5.36946330626177	-13.4384020227968	-11.2741663426325	-14.2406795487735	-14.5881680566627	-14.7249046011605	-13.8957961505405	-15.4700868678253	-14.8881724496659	-14.6615554424678	-10.3412805384911	-11.5636729598275	-13.6678876912915	-13.0242162374208	-13.4729763549577	-15.0327775677729	-13.7335979612698	-12.0200076319992	-14.7249046011605	-13.9591416352744	-9.48567044782624	-13.8661842036449	-12.5120614167522	-14.352687178175	-10.2741663426325	-8.90070794710508	-12.8745971924016	-9.30733320656773	-13.4384020227968	-12.3247993548187	-14.9591416352744	-12.8301190254445	-12.6325976744462	-11.7171623071112	-11.9262430392122	-12.4517906496726	-13.381079385056	-11.5636729598275	-13.6034718063924	-10.4856704478262	-13.0680584780199	-13.5323559252888	-8.87561696614225	-13.6678876912915	-13.4541279012774	-14.5850799027671	-10.2100360052128	-11.4116698663825	-11.2741663426325	-13.0242162374208	-11.8605327692339	-11.9262430392122	-13.1884343071136	-11.927098916031	-13.3459595964041	-8.03315824312873	-8.16374235293888	-11.9262430392122	-12.8301190254445	-8.32420702513212	-8.41166986638246	-10.3121883834926
88HT10.fastq	-9.57700913492998	-10.8724650184562	-13.3741791345532	-14.7020103080886	-12.8192310845252	-14.4697371967806	-13.0304947197495	-12.0099685422061	-1.21457821108345	-0.951976819446915	-8.97434463247537	-12.0099685422061	-14.0215872981245	-13.352687178175	-15.4681785407733	-13.927098916031	-12.6157215840088	-12.8605327692339	-12.3318966370935	-14.4737374540671	-14.2817851707837	-6.89726840945673	-14.4737374540671	-13.6489192697882	-14.4729763549577	-10.6314569189524	-10.6314569189524	-15.0640269646657	-10.6314569189524	-12.0335213280013	-13.7420988697783	-13.6049701327204	-5.92675517395711	-13.4384020227968	-14.1616830258014	-14.2406795487735	-14.5881680566627	-14.7249046011605	-13.8957961505405	-15.4700868678253	-14.8881724496659	-14.6615554424678	-13.6216703458454	-12.5636729598275	-13.6678876912915	-13.0242162374208	-13.4729763549577	-15.0327775677729	-15.1653388536675	-12.0200076319992	-14.7249046011605	-13.9591416352744	-9.57700913492998	-13.8661842036449	-11.0099685422061	-14.352687178175	-11.5245417150358	-8.42500604148493	-12.8745971924016	-9.7469341363723	-13.4384020227968	-12.3247993548187	-14.9591416352744	-12.8301190254445	-12.6325976744462	-11.7171623071112	-13.047635173725	-12.4517906496726	-13.381079385056	-10.7469341363723	-10.7469341363723	-9.08396912364987	-13.0680584780199	-13.5323559252888	-7.64539610991024	-12.3318966370935	-13.4541279012774	-14.5850799027671	-9.04649441823121	-14.3924963173218	-13.6650186112167	-13.0242162374208	-11.8605327692339	-13.6489192697882	-9.24443379584311	-11.927098916031	-10.5245417150358	-10.5245417150358	-10.6314569189524	-12.9473934245677	-12.8301190254445	-9.93957921431469	-13.3937591288623	-10.3121883834926
116HT22.fastq	-12.8415643477306	-13.0493948004168	-13.3741791345532	-14.7020103080886	-12.8192310845252	-14.4697371967806	-13.0304947197495	-15.4729763549577	-5.29034920183196	-0.0534384415980566	-11.0233645235179	-13.7020103080886	-14.0215872981245	-13.352687178175	-15.4681785407733	-13.927098916031	-12.6157215840088	-12.8605327692339	-14.234268583804	-14.4737374540671	-14.2817851707837	-13.7767414433999	-14.4737374540671	-13.6489192697882	-12.0233645235179	-15.2465179431889	-15.1263818305426	-15.0640269646657	-12.7014364286306	-12.0335213280013	-13.7420988697783	-13.6049701327204	-7.09855201991215	-12.4384020227968	-14.1616830258014	-14.2406795487735	-12.7014364286306	-14.7249046011605	-13.8957961505405	-12.4384020227968	-12.2160096014603	-14.6615554424678	-13.6216703458454	-12.5636729598275	-13.6678876912915	-13.0242162374208	-13.4729763549577	-9.77543701007434	-12.2160096014603	-12.0200076319992	-14.7249046011605	-13.9591416352744	-13.2436202928472	-13.8661842036449	-12.5120614167522	-14.352687178175	-13.0233645235179	-15.2436202928472	-12.8745971924016	-12.894655386031	-12.4384020227968	-12.3247993548187	-14.9591416352744	-12.8301190254445	-12.6325976744462	-11.7171623071112	-13.047635173725	-12.4517906496726	-13.381079385056	-14.7284165792168	-13.6034718063924	-15.3937591288623	-13.0680584780199	-13.5323559252888	-11.8534395220756	-13.6678876912915	-13.4541279012774	-14.5850799027671	-13.451146704366	-14.3924963173218	-13.6650186112167	-13.0242162374208	-11.8605327692339	-13.6489192697882	-13.1884343071136	-11.927098916031	-13.3459595964041	-13.0253126199217	-14.6102751206429	-12.9473934245677	-12.8301190254445	-13.7767414433999	-13.3937591288623	-10.3121883834926
118HT22.fastq	-12.8415643477306	-13.0493948004168	-13.3741791345532	-14.7020103080886	-12.8192310845252	-14.4697371967806	-13.0304947197495	-15.4729763549577	-0.382956078936648	-2.81827495952837	-9.36268748143066	-13.7020103080886	-14.0215872981245	-13.352687178175	-15.4681785407733	-11.3626874814307	-12.6157215840088	-12.8605327692339	-14.234268583804	-11.3626874814307	-14.2817851707837	-10.6464804474313	-9.33715238932352	-13.6489192697882	-7.07728526256841	-10.3120614083607	-15.1263818305426	-12.8481143086009	-9.23930506592538	-12.0335213280013	-13.7420988697783	-13.6049701327204	-3.9660827002488	-11.4696026853472	-14.1616830258014	-14.2406795487735	-10.2631518078797	-13.1700424034883	-13.8957961505405	-9.92211489004468	-12.8481143086009	-14.6615554424678	-13.6216703458454	-9.58507990276711	-13.6678876912915	-13.0242162374208	-13.4729763549577	-12.1700424034883	-11.1700424034883	-12.0200076319992	-14.7249046011605	-13.9591416352744	-13.2436202928472	-13.8661842036449	-12.5120614167522	-10.1700424034883	-14.0233645235179	-9.8481143086009	-12.8745971924016	-9.8481143086009	-13.4384020227968	-12.3247993548187	-14.9591416352744	-12.8301190254445	-12.6325976744462	-11.7171623071112	-13.047635173725	-12.4517906496726	-13.381079385056	-14.7284165792168	-13.6034718063924	-15.3937591288623	-13.0680584780199	-11.1700424034883	-10.4151549013248	-13.6678876912915	-13.4541279012774	-13.5850799027671	-9.46960268534717	-14.3924963173218	-13.6650186112167	-13.0242162374208	-11.8605327692339	-13.6489192697882	-8.83019240060364	-11.927098916031	-13.3459595964041	-10.5850799027671	-14.6102751206429	-12.9473934245677	-12.8301190254445	-13.7767414433999	-13.3937591288623	-10.3121883834926
98LT21.fastq	-6.55990066674535	-13.0493948004168	-13.3741791345532	-14.7020103080886	-8.41516557376434	-14.4697371967806	-8.26578794972611	-9.38917036523139	-4.04804870511072	-3.79032028187014	-7.40210942093889	-9.67296333123198	-11.0266002858467	-10.8745971924016	-15.4681785407733	-10.1090624460387	-12.6157215840088	-12.8605327692339	-14.234268583804	-9.28963469168048	-14.2817851707837	-10.4960855691479	-14.4737374540671	-13.6489192697882	-10.6115627865678	-15.2465179431889	-15.1263818305426	-15.0640269646657	-9.55266909751427	-8.33854429216142	-13.7420988697783	-10.3891703652314	-4.39886376143524	-7.70467219095932	-14.1616830258014	-14.2406795487735	-11.196525287289	-14.7249046011605	-8.55266909751427	-15.4700868678253	-8.7370936686517	-14.6615554424678	-7.9297387465941	-7.70467219095932	-13.6678876912915	-13.0242162374208	-13.4729763549577	-12.196525287289	-7.56716866720939	-8.83897328267091	-14.7249046011605	-11.8745971924016	-2.21495800538598	-6.74531417545667	-6.94859777384541	-9.87459719240163	-9.61156278656784	-4.47201143416905	-11.8745971924016	-8.94859777384541	-8.91112306842675	-7.9297387465941	-10.4960855691479	-7.30170752398105	-9.196525287289	-9.94859777384541	-13.047635173725	-5.56353009014604	-13.381079385056	-7.28963469168048	-9.24232897690212	-5.98707192166005	-9.196525287289	-7.13043609683122	-1.67075980846708	-6.26578794972611	-13.4541279012774	-14.5850799027671	-8.98707192166005	-14.3924963173218	-13.6650186112167	-8.7370936686517	-10.1090624460387	-6.09323747887697	-7.25401078194976	-11.927098916031	-7.98707192166005	-6.10376814636914	-6.62666967895805	-9.196525287289	-12.8301190254445	-7.7702605325869	-5.89731726890172	-10.3121883834926
113LT12.fastq	-7.82556088956894	-13.0493948004168	-13.3741791345532	-9.30260805112321	-12.8192310845252	-14.4697371967806	-13.0304947197495	-15.4729763549577	-4.6823386816661	-0.358667722863546	-5.45406969399299	-13.7020103080886	-14.0215872981245	-11.5120614167522	-9.927098916031	-12.927098916031	-12.6157215840088	-12.8605327692339	-11.5120614167522	-9.65408042162459	-14.2817851707837	-11.0526297981149	-14.4737374540671	-13.6489192697882	-9.34213641530985	-10.1901333218648	-15.1263818305426	-15.0640269646657	-10.4245985755018	-8.81162169861107	-13.7420988697783	-13.6049701327204	-4.93841422925884	-9.1901333218648	-14.1616830258014	-14.2406795487735	-11.0526297981149	-14.7249046011605	-13.8957961505405	-15.4700868678253	-14.8881724496659	-12.927098916031	-8.3827783998072	-8.60517082114364	-11.0526297981149	-13.0242162374208	-13.4729763549577	-9.86820522697744	-11.3421364153099	-12.0200076319992	-11.0526297981149	-9.81162169861107	-7.13702198540524	-10.7047064946946	-11.5120614167522	-9.42459857550182	-7.18114453863754	-6.95747256507452	-12.8745971924016	-12.894655386031	-13.4384020227968	-9.51206141675216	-14.9591416352744	-9.86820522697744	-9.927098916031	-11.7171623071112	-13.047635173725	-12.4517906496726	-13.381079385056	-7.66657136580779	-9.55786510636529	-7.81162169861107	-13.0680584780199	-13.5323559252888	-7.60517082114364	-8.65408042162459	-13.4541279012774	-14.5850799027671	-13.451146704366	-14.3924963173218	-13.6650186112167	-13.0242162374208	-10.0526297981149	-13.6489192697882	-9.86820522697744	-10.927098916031	-13.3459595964041	-6.22204256981954	-5.56077670178519	-9.26413390330858	-12.8301190254445	-6.91214857456503	-7.33215232673723	-10.3121883834926
69HT8.fastq	-8.24317398347295	-8.24317398347295	-13.3741791345532	-14.7020103080886	-7.65821148275179	-14.4697371967806	-9.82813648419411	-10.8281364841941	-2.15925149992786	-2.28510466393887	-6.54273426533186	-9.50620838930674	-14.0215872981245	-8.12769676605302	-8.50620838930674	-13.927098916031	-7.43581906141535	-12.8605327692339	-14.234268583804	-8.0207815621365	-14.2817851707837	-13.7767414433999	-14.4737374540671	-13.6489192697882	-14.4729763549577	-8.36870486555681	-15.1263818305426	-15.0640269646657	-5.61868311856516	-12.0335213280013	-13.7420988697783	-8.82813648419411	-2.08666949779296	-13.4384020227968	-9.0207815621365	-14.2406795487735	-7.50620838930675	-8.36870486555681	-9.50620838930674	-6.07324898203064	-6.47058447957602	-14.6615554424678	-13.6216703458454	-12.5636729598275	-13.6678876912915	-10.243173983473	-13.4729763549577	-4.33628338786443	-7.92124588858559	-12.0200076319992	-14.7249046011605	-13.9591416352744	-6.74067364294377	-13.8661842036449	-7.92124588858559	-14.352687178175	-14.0233645235179	-5.67838936468943	-12.8745971924016	-8.50620838930674	-6.18428029441938	-8.24317398347295	-14.9591416352744	-12.8301190254445	-12.6325976744462	-9.82813648419411	-13.047635173725	-12.4517906496726	-13.381079385056	-7.65821148275179	-13.6034718063924	-6.50620838930675	-13.0680584780199	-7.82813648419411	-4.78374236483565	-9.24317398347295	-13.4541279012774	-9.0207815621365	-8.50620838930674	-14.3924963173218	-13.6650186112167	-13.0242162374208	-11.8605327692339	-5.87394017380723	-6.40187172949201	-8.50620838930674	-13.3459595964041	-6.78374236483565	-7.58020897075052	-12.9473934245677	-12.8301190254445	-6.87394017380723	-7.65821148275179	-10.3121883834926
115HT22.fastq	-10.5804248500411	-13.0493948004168	-13.3741791345532	-14.7020103080886	-12.8192310845252	-14.4697371967806	-13.0304947197495	-9.34595959640411	-0.458205876419606	-2.85450730436675	-5.38943823307099	-13.7020103080886	-14.0215872981245	-10.760997095683	-10.4979626898492	-11.2084560726542	-12.6157215840088	-11.8605327692339	-14.234268583804	-11.0829251905703	-12.3459595964041	-8.36410694311437	-14.4737374540671	-9.31033568667339	-10.6678876912915	-8.83499767712673	-15.1263818305426	-15.0640269646657	-9.49796268984916	-12.0335213280013	-13.7420988697783	-10.0829251905703	-4.78983677856294	-10.8605327692339	-14.1616830258014	-14.2406795487735	-12.3459595964041	-14.7249046011605	-11.8605327692339	-10.4199601778479	-9.05317784717627	-14.6615554424678	-13.6216703458454	-11.4979626898492	-12.6678876912915	-13.0242162374208	-13.4729763549577	-9.8099066961639	-9.41996017784789	-12.0200076319992	-14.7249046011605	-10.0240315015168	-9.05317784717627	-13.8661842036449	-9.31033568667339	-14.352687178175	-11.3459595964041	-8.73715035372859	-12.8745971924016	-8.27557026851271	-7.37326694239985	-12.3247993548187	-14.9591416352744	-12.8301190254445	-12.6325976744462	-11.7171623071112	-13.047635173725	-12.4517906496726	-13.381079385056	-10.0240315015168	-13.6034718063924	-8.19215426032508	-13.0680584780199	-13.5323559252888	-8.83499767712673	-12.6678876912915	-13.4541279012774	-10.9674479731504	-11.8605327692339	-14.3924963173218	-10.6678876912915	-8.19215426032508	-10.8605327692339	-13.6489192697882	-13.1884343071136	-11.927098916031	-12.3459595964041	-6.54894661856797	-9.02403150151675	-11.3459595964041	-12.8301190254445	-7.37326694239985	-7.65666043586822	-10.3121883834926
117HT22.fastq	-10.0390904019986	-13.0493948004168	-13.3741791345532	-11.4541279012774	-12.8192310845252	-14.4697371967806	-13.0304947197495	-10.8691654005563	-1.9981158031813	-1.28587365281965	-3.09145346404678	-13.7020103080886	-14.0215872981245	-11.4541279012774	-15.4681785407733	-13.927098916031	-12.6157215840088	-12.8605327692339	-14.234268583804	-14.4737374540671	-14.2817851707837	-10.5796587833613	-14.4737374540671	-13.6489192697882	-12.0390904019986	-8.4243805578834	-15.1263818305426	-10.0390904019986	-8.64677297921984	-8.82963703636965	-13.7420988697783	-11.0390904019986	-3.76180300186825	-13.4384020227968	-14.1616830258014	-14.2406795487735	-11.7171623071112	-14.7249046011605	-13.8957961505405	-8.51552844594159	-14.8881724496659	-14.6615554424678	-13.6216703458454	-12.5636729598275	-13.6678876912915	-10.3386506838575	-13.4729763549577	-15.0327775677729	-8.90980738505364	-12.0200076319992	-14.7249046011605	-11.0390904019986	-10.8691654005563	-13.8661842036449	-12.5120614167522	-14.352687178175	-7.12022716472401	-5.03346585280473	-12.8745971924016	-9.231735479941	-13.4384020227968	-9.95162756074826	-14.9591416352744	-12.8301190254445	-12.6325976744462	-10.7171623071112	-11.231735479941	-12.4517906496726	-13.381079385056	-10.8691654005563	-13.6034718063924	-9.57965878336131	-9.86916540055629	-12.4541279012774	-9.64677297921984	-13.6678876912915	-12.4541279012774	-14.5850799027671	-6.85918131198367	-14.3924963173218	-9.28420289983513	-5.20304004694053	-11.8605327692339	-13.6489192697882	-10.7171623071112	-11.927098916031	-13.3459595964041	-5.35609581831692	-7.49993159089057	-12.9473934245677	-8.71716230711124	-7.18110940687103	-7.28420289983513	-10.3121883834926
73HT8.fastq	-4.49944264403801	-13.0493948004168	-13.3741791345532	-14.7020103080886	-5.65957714228751	-14.4697371967806	-8.18313909834452	-10.1831390983445	-3.77714673866869	-4.22429642310128	-9.04563557459459	-13.7020103080886	-14.0215872981245	-9.50506719323189	-9.69771227117428	-13.927098916031	-12.6157215840088	-12.8605327692339	-14.234268583804	-6.62242414387004	-14.2817851707837	-13.7767414433999	-14.4737374540671	-13.6489192697882	-14.4729763549577	-15.2465179431889	-15.1263818305426	-15.0640269646657	-7.92010469251073	-12.0335213280013	-13.7420988697783	-13.6049701327204	-4.73028013363071	-4.22429642310128	-14.1616830258014	-14.2406795487735	-14.5881680566627	-14.7249046011605	-13.8957961505405	-15.4700868678253	-14.8881724496659	-14.6615554424678	-13.6216703458454	-7.41760435198155	-13.6678876912915	-13.0242162374208	-13.4729763549577	-15.0327775677729	-8.59817659762337	-12.0200076319992	-14.7249046011605	-6.59817659762337	-4.93521158490094	-9.33514219178957	-7.64708619810431	-14.352687178175	-8.92010469251073	-3.02326776156613	-8.59817659762337	-12.894655386031	-5.84685571048009	-10.1831390983445	-14.9591416352744	-7.59817659762337	-12.6325976744462	-11.7171623071112	-8.18313909834452	-7.50506719323189	-9.04563557459459	-7.18313909834452	-9.69771227117428	-2.89773687948228	-13.0680584780199	-7.1475151886138	-2.77374816220682	-13.6678876912915	-8.92010469251073	-9.92010469251073	-6.83264185126039	-14.3924963173218	-13.6650186112167	-13.0242162374208	-11.8605327692339	-8.80462747509079	-6.67217717906714	-11.927098916031	-13.3459595964041	-4.3201918503236	-5.73688286845496	-6.33514219178957	-7.75017969106842	-4.80462747509079	-5.26666245390681	-6.89035734911668
122HT13.fastq	-12.8415643477306	-13.0493948004168	-13.3741791345532	-14.7020103080886	-12.8192310845252	-13.1512068554997	-13.0304947197495	-15.4729763549577	-3.91902579781308	-0.112082173403678	-12.0233645235179	-13.7020103080886	-14.0215872981245	-13.352687178175	-15.4681785407733	-13.927098916031	-12.6157215840088	-12.8605327692339	-14.234268583804	-12.8881724496659	-14.2817851707837	-13.7767414433999	-14.4737374540671	-13.6489192697882	-14.4729763549577	-12.6657800283295	-9.13328494750246	-10.5662443547786	-12.3032099489448	-12.0335213280013	-13.7420988697783	-13.6049701327204	-7.95743511210304	-13.4384020227968	-11.6657800283295	-14.2406795487735	-14.5881680566627	-14.7249046011605	-13.8957961505405	-15.4700868678253	-13.8881724496659	-14.6615554424678	-13.6216703458454	-12.5636729598275	-13.6678876912915	-13.0242162374208	-13.4729763549577	-10.5662443547786	-15.1653388536675	-12.0200076319992	-14.7249046011605	-13.9591416352744	-13.2436202928472	-13.8661842036449	-12.5120614167522	-14.352687178175	-14.0233645235179	-15.2436202928472	-12.8745971924016	-12.894655386031	-13.4384020227968	-12.3247993548187	-14.9591416352744	-12.8301190254445	-12.6325976744462	-11.7171623071112	-13.047635173725	-12.4517906496726	-13.381079385056	-14.7284165792168	-13.6034718063924	-15.3937591288623	-13.0680584780199	-13.5323559252888	-15.139791142151	-13.6678876912915	-13.4541279012774	-14.5850799027671	-10.8292787606124	-14.3924963173218	-13.6650186112167	-13.0242162374208	-11.8605327692339	-13.6489192697882	-13.1884343071136	-11.927098916031	-13.3459595964041	-13.0253126199217	-14.6102751206429	-12.9473934245677	-12.8301190254445	-13.7767414433999	-13.3937591288623	-10.3121883834926
123HT13.fastq	-12.8415643477306	-13.0493948004168	-13.3741791345532	-14.7020103080886	-12.8192310845252	-14.4697371967806	-13.0304947197495	-15.4729763549577	-5.98172358771076	-0.0262533743352509	-12.0233645235179	-13.7020103080886	-14.0215872981245	-13.352687178175	-15.4681785407733	-13.927098916031	-12.6157215840088	-12.8605327692339	-14.234268583804	-14.4737374540671	-14.2817851707837	-13.7767414433999	-14.4737374540671	-13.6489192697882	-14.4729763549577	-12.319026908485	-14.1263818305426	-15.0640269646657	-15.1169530788488	-12.0335213280013	-13.7420988697783	-13.6049701327204	-9.06029264008487	-13.4384020227968	-14.1616830258014	-14.2406795487735	-14.5881680566627	-14.7249046011605	-13.8957961505405	-15.4700868678253	-14.8881724496659	-14.6615554424678	-13.6216703458454	-12.5636729598275	-13.6678876912915	-13.0242162374208	-13.4729763549577	-13.5414193298215	-15.1653388536675	-12.0200076319992	-14.7249046011605	-13.9591416352744	-13.2436202928472	-13.8661842036449	-12.5120614167522	-14.352687178175	-14.0233645235179	-15.2436202928472	-12.8745971924016	-12.894655386031	-13.4384020227968	-12.3247993548187	-14.9591416352744	-12.8301190254445	-12.6325976744462	-11.7171623071112	-13.047635173725	-12.4517906496726	-13.381079385056	-14.7284165792168	-13.6034718063924	-15.3937591288623	-13.0680584780199	-13.5323559252888	-15.139791142151	-13.6678876912915	-13.4541279012774	-14.5850799027671	-13.451146704366	-14.3924963173218	-13.6650186112167	-13.0242162374208	-11.8605327692339	-13.6489192697882	-13.1884343071136	-11.927098916031	-13.3459595964041	-13.0253126199217	-14.6102751206429	-12.9473934245677	-12.8301190254445	-13.7767414433999	-13.3937591288623	-10.3121883834926
119HT22.fastq	-12.8415643477306	-13.0493948004168	-11.1884343071136	-14.7020103080886	-12.8192310845252	-14.4697371967806	-13.0304947197495	-15.4729763549577	-4.58852146492644	-0.105412127244096	-12.0233645235179	-13.7020103080886	-14.0215872981245	-13.352687178175	-15.4681785407733	-7.33045331198599	-10.1884343071136	-12.8605327692339	-14.234268583804	-11.7290026884763	-14.2817851707837	-13.7767414433999	-14.4737374540671	-13.6489192697882	-8.81339487576664	-10.7961168843348	-15.1263818305426	-15.0640269646657	-12.8665062122262	-12.0335213280013	-13.7420988697783	-13.6049701327204	-6.2996910582153	-13.4384020227968	-14.1616830258014	-14.2406795487735	-10.8665062122262	-12.6034718063924	-13.8957961505405	-15.4700868678253	-10.7961168843348	-14.6615554424678	-13.6216703458454	-12.5636729598275	-13.6678876912915	-13.0242162374208	-13.4729763549577	-8.64927549600553	-11.8665062122262	-12.0200076319992	-14.7249046011605	-13.9591416352744	-13.2436202928472	-13.8661842036449	-12.5120614167522	-14.352687178175	-14.0233645235179	-14.1884343071136	-12.8745971924016	-12.894655386031	-13.4384020227968	-12.3247993548187	-14.9591416352744	-12.8301190254445	-12.6325976744462	-11.7171623071112	-13.047635173725	-12.4517906496726	-12.381079385056	-14.7284165792168	-12.6034718063924	-15.3937591288623	-13.0680584780199	-13.5323559252888	-15.139791142151	-12.6034718063924	-13.4541279012774	-14.5850799027671	-10.6648723510566	-14.3924963173218	-13.6650186112167	-13.0242162374208	-11.8605327692339	-13.6489192697882	-12.1884343071136	-11.927098916031	-13.3459595964041	-13.0253126199217	-13.6034718063924	-12.9473934245677	-12.8301190254445	-13.7767414433999	-13.3937591288623	-10.3121883834926
120HT22.fastq	-12.8415643477306	-13.0493948004168	-13.3741791345532	-14.7020103080886	-12.8192310845252	-14.4697371967806	-13.0304947197495	-15.4729763549577	-1.82090166484303	-0.619838089116661	-12.0233645235179	-13.7020103080886	-14.0215872981245	-13.352687178175	-15.4681785407733	-9.02326250765613	-12.6157215840088	-12.8605327692339	-14.234268583804	-14.4737374540671	-14.2817851707837	-11.8075338166007	-11.0705682224345	-13.6489192697882	-7.40760320971206	-8.40760320971206	-9.80753381660069	-15.0640269646657	-11.6555307231556	-12.0335213280013	-13.7420988697783	-13.6049701327204	-4.44315593558837	-13.4384020227968	-14.1616830258014	-12.1701038959854	-14.5881680566627	-14.7249046011605	-13.8957961505405	-11.0705682224345	-14.8881724496659	-14.6615554424678	-13.6216703458454	-12.5636729598275	-13.6678876912915	-13.0242162374208	-11.6555307231556	-10.977458818043	-11.2770190999019	-12.0200076319992	-14.7249046011605	-13.9591416352744	-13.2436202928472	-13.8661842036449	-12.5120614167522	-14.352687178175	-14.0233645235179	-15.2436202928472	-12.8745971924016	-12.894655386031	-13.4384020227968	-12.3247993548187	-14.9591416352744	-12.8301190254445	-12.6325976744462	-11.7171623071112	-13.047635173725	-12.4517906496726	-13.381079385056	-14.7284165792168	-13.6034718063924	-15.3937591288623	-13.0680584780199	-13.5323559252888	-15.139791142151	-13.6678876912915	-13.4541279012774	-14.5850799027671	-7.55119406334091	-13.3924963173218	-13.6650186112167	-13.0242162374208	-11.8605327692339	-13.6489192697882	-13.1884343071136	-11.927098916031	-13.3459595964041	-13.0253126199217	-14.6102751206429	-12.9473934245677	-12.8301190254445	-13.7767414433999	-13.3937591288623	-10.3121883834926
121HT13.fastq	-12.8415643477306	-13.0493948004168	-13.3741791345532	-14.7020103080886	-12.8192310845252	-14.4697371967806	-13.0304947197495	-7.92075224751895	-1.76178344129291	-1.17326878143874	-12.0233645235179	-13.7020103080886	-14.0215872981245	-13.352687178175	-15.4681785407733	-8.45387581672049	-12.6157215840088	-12.8605327692339	-14.234268583804	-8.59648021216329	-14.2817851707837	-13.7767414433999	-11.6933417514159	-13.6489192697882	-14.4729763549577	-7.59648021216329	-11.5413386579708	-15.0640269646657	-7.69334175141588	-12.0335213280013	-9.90907044247131	-13.6049701327204	-2.11633261648589	-13.4384020227968	-14.1616830258014	-14.2406795487735	-10.2194105630835	-14.7249046011605	-13.8957961505405	-10.4038351342209	-9.10837925069472	-14.6615554424678	-13.6216703458454	-12.5636729598275	-11.0559118308006	-13.0242162374208	-13.4729763549577	-8.50571474824011	-8.63444806236231	-12.0200076319992	-10.4709493300794	-13.9591416352744	-13.2436202928472	-13.8661842036449	-12.5120614167522	-14.352687178175	-14.0233645235179	-15.2436202928472	-12.8745971924016	-12.894655386031	-13.4384020227968	-12.3247993548187	-14.9591416352744	-12.8301190254445	-12.6325976744462	-11.7171623071112	-13.047635173725	-12.4517906496726	-13.381079385056	-14.7284165792168	-13.6034718063924	-15.3937591288623	-13.0680584780199	-13.5323559252888	-15.139791142151	-13.6678876912915	-13.4541279012774	-14.5850799027671	-13.451146704366	-14.3924963173218	-13.6650186112167	-13.0242162374208	-11.8605327692339	-13.6489192697882	-13.1884343071136	-11.927098916031	-13.3459595964041	-13.0253126199217	-14.6102751206429	-12.9473934245677	-12.8301190254445	-13.7767414433999	-13.3937591288623	-10.3121883834926
126HT13.fastq	-12.8415643477306	-13.0493948004168	-13.3741791345532	-14.7020103080886	-12.8192310845252	-14.4697371967806	-13.0304947197495	-15.4729763549577	-5.75364772876757	-0.0335096431782435	-12.0233645235179	-13.7020103080886	-14.0215872981245	-13.352687178175	-15.4681785407733	-12.4639621948438	-12.6157215840088	-12.8605327692339	-14.234268583804	-12.949389022014	-14.2817851707837	-13.7767414433999	-14.4737374540671	-13.6489192697882	-14.4729763549577	-15.2465179431889	-15.1263818305426	-15.0640269646657	-11.949389022014	-12.0335213280013	-13.7420988697783	-13.6049701327204	-8.14203409995641	-13.4384020227968	-14.1616830258014	-14.2406795487735	-14.5881680566627	-14.7249046011605	-13.8957961505405	-15.4700868678253	-14.8881724496659	-14.6615554424678	-13.6216703458454	-12.5636729598275	-13.6678876912915	-13.0242162374208	-13.4729763549577	-11.5708773987603	-15.1653388536675	-12.0200076319992	-14.7249046011605	-13.9591416352744	-13.2436202928472	-13.8661842036449	-12.5120614167522	-14.352687178175	-14.0233645235179	-15.2436202928472	-12.8745971924016	-12.894655386031	-13.4384020227968	-12.3247993548187	-14.9591416352744	-12.8301190254445	-12.6325976744462	-11.7171623071112	-13.047635173725	-12.4517906496726	-13.381079385056	-14.7284165792168	-13.6034718063924	-15.3937591288623	-13.0680584780199	-13.5323559252888	-15.139791142151	-13.6678876912915	-13.4541279012774	-14.5850799027671	-13.451146704366	-14.3924963173218	-13.6650186112167	-13.0242162374208	-11.8605327692339	-13.6489192697882	-13.1884343071136	-11.927098916031	-13.3459595964041	-13.0253126199217	-14.6102751206429	-12.9473934245677	-12.8301190254445	-13.7767414433999	-13.3937591288623	-10.3121883834926
125HT13.fastq	-12.8415643477306	-13.0493948004168	-13.3741791345532	-14.7020103080886	-12.8192310845252	-14.4697371967806	-13.0304947197495	-13.1581678504281	-3.48221081748632	-0.172930720054671	-12.0233645235179	-13.7020103080886	-14.0215872981245	-13.352687178175	-15.4681785407733	-9.77965622717434	-12.6157215840088	-12.8605327692339	-14.234268583804	-11.4800959453154	-14.2817851707837	-13.7767414433999	-12.0206643266781	-13.6489192697882	-10.0538311906133	-10.1581678504281	-8.19469372645318	-9.43570182595697	-11.2321684318718	-12.0335213280013	-13.7420988697783	-13.6049701327204	-6.51142915212022	-13.4384020227968	-14.1616830258014	-12.4800959453154	-14.5881680566627	-14.7249046011605	-13.8957961505405	-10.8362397555407	-12.6727410232578	-14.6615554424678	-13.6216703458454	-12.5636729598275	-13.6678876912915	-13.0242162374208	-13.4729763549577	-10.7796562271743	-11.2321684318718	-12.0200076319992	-9.89513344459427	-13.9591416352744	-13.2436202928472	-13.8661842036449	-12.5120614167522	-14.352687178175	-14.0233645235179	-15.2436202928472	-12.8745971924016	-12.894655386031	-13.4384020227968	-12.3247993548187	-14.9591416352744	-12.8301190254445	-12.6325976744462	-11.7171623071112	-13.047635173725	-12.4517906496726	-13.381079385056	-14.7284165792168	-13.6034718063924	-15.3937591288623	-13.0680584780199	-13.5323559252888	-15.139791142151	-13.6678876912915	-13.4541279012774	-14.5850799027671	-10.5258996349286	-14.3924963173218	-13.6650186112167	-13.0242162374208	-11.8605327692339	-13.6489192697882	-13.1884343071136	-11.927098916031	-13.3459595964041	-13.0253126199217	-14.6102751206429	-12.9473934245677	-12.8301190254445	-13.7767414433999	-13.3937591288623	-10.3121883834926
110LT12.fastq	-12.8415643477306	-13.0493948004168	-13.3741791345532	-14.7020103080886	-12.8192310845252	-14.4697371967806	-13.0304947197495	-10.3171299263845	-4.34271533657901	-0.267791854632608	-12.0233645235179	-13.7020103080886	-14.0215872981245	-13.352687178175	-15.4681785407733	-11.3171299263845	-12.6157215840088	-12.8605327692339	-14.234268583804	-14.4737374540671	-14.2817851707837	-13.7767414433999	-14.4737374540671	-13.6489192697882	-14.4729763549577	-15.2465179431889	-15.1263818305426	-15.0640269646657	-9.31712992638454	-12.0335213280013	-13.7420988697783	-13.6049701327204	-3.17502286908199	-13.4384020227968	-14.1616830258014	-14.2406795487735	-14.5881680566627	-14.7249046011605	-13.8957961505405	-15.4700868678253	-10.9952018314972	-14.6615554424678	-13.6216703458454	-12.5636729598275	-13.6678876912915	-13.0242162374208	-13.4729763549577	-8.14720492494223	-15.1653388536675	-12.0200076319992	-14.7249046011605	-13.9591416352744	-10.7321674256634	-13.8661842036449	-12.5120614167522	-14.352687178175	-14.0233645235179	-15.2436202928472	-12.8745971924016	-12.894655386031	-13.4384020227968	-12.3247993548187	-14.9591416352744	-12.8301190254445	-12.6325976744462	-11.7171623071112	-13.047635173725	-12.4517906496726	-13.381079385056	-14.7284165792168	-13.6034718063924	-9.61669020824345	-13.0680584780199	-13.5323559252888	-15.139791142151	-13.6678876912915	-13.4541279012774	-14.5850799027671	-13.451146704366	-14.3924963173218	-13.6650186112167	-13.0242162374208	-11.8605327692339	-13.6489192697882	-13.1884343071136	-10.3171299263845	-13.3459595964041	-13.0253126199217	-14.6102751206429	-12.9473934245677	-12.8301190254445	-13.7767414433999	-13.3937591288623	-10.3121883834926
128CT15.fastq	-12.8415643477306	-13.0493948004168	-13.3741791345532	-14.7020103080886	-12.8192310845252	-14.4697371967806	-13.0304947197495	-10.4719291876417	-3.47686872060897	-0.159684357708346	-12.0233645235179	-13.7020103080886	-14.0215872981245	-13.352687178175	-15.4681785407733	-13.927098916031	-12.6157215840088	-12.8605327692339	-14.234268583804	-11.6645742655841	-14.2817851707837	-8.67751332129158	-14.4737374540671	-13.6489192697882	-14.4729763549577	-15.2465179431889	-10.1143771830236	-10.4719291876417	-10.7170416854782	-12.0335213280013	-13.7420988697783	-13.6049701327204	-7.07104975135951	-13.4384020227968	-14.1616830258014	-14.2406795487735	-14.5881680566627	-14.7249046011605	-13.8957961505405	-15.4700868678253	-10.8869666869205	-14.6615554424678	-13.6216703458454	-12.5636729598275	-13.6678876912915	-13.0242162374208	-13.4729763549577	-10.5650385920332	-15.1653388536675	-12.0200076319992	-14.7249046011605	-13.9591416352744	-13.2436202928472	-13.8661842036449	-12.5120614167522	-14.352687178175	-14.0233645235179	-15.2436202928472	-12.8745971924016	-12.894655386031	-13.4384020227968	-12.3247993548187	-14.9591416352744	-12.8301190254445	-12.6325976744462	-11.7171623071112	-13.047635173725	-12.4517906496726	-13.381079385056	-14.7284165792168	-13.6034718063924	-15.3937591288623	-13.0680584780199	-13.5323559252888	-15.139791142151	-13.6678876912915	-13.4541279012774	-14.5850799027671	-10.5177328772548	-14.3924963173218	-13.6650186112167	-13.0242162374208	-11.8605327692339	-13.6489192697882	-13.1884343071136	-11.927098916031	-13.3459595964041	-13.0253126199217	-14.6102751206429	-12.9473934245677	-12.8301190254445	-13.7767414433999	-13.3937591288623	-10.3121883834926
129CT15.fastq	-12.8415643477306	-13.0493948004168	-13.3741791345532	-14.7020103080886	-12.8192310845252	-14.4697371967806	-13.0304947197495	-15.4729763549577	-5.74770517409675	-0.0282393726263862	-12.0233645235179	-13.7020103080886	-14.0215872981245	-13.352687178175	-15.4681785407733	-13.927098916031	-12.6157215840088	-12.8605327692339	-14.234268583804	-14.4737374540671	-14.2817851707837	-13.7767414433999	-14.4737374540671	-13.6489192697882	-14.4729763549577	-15.2465179431889	-15.1263818305426	-15.0640269646657	-15.1169530788488	-12.0335213280013	-13.7420988697783	-13.6049701327204	-10.5303134338187	-13.4384020227968	-14.1616830258014	-14.2406795487735	-13.3376683558763	-14.7249046011605	-13.8957961505405	-15.4700868678253	-14.8881724496659	-14.6615554424678	-13.6216703458454	-12.5636729598275	-13.6678876912915	-13.0242162374208	-13.4729763549577	-15.0327775677729	-15.1653388536675	-12.0200076319992	-14.7249046011605	-13.9591416352744	-13.2436202928472	-13.8661842036449	-12.5120614167522	-14.352687178175	-14.0233645235179	-15.2436202928472	-12.8745971924016	-12.894655386031	-13.4384020227968	-12.3247993548187	-14.9591416352744	-12.8301190254445	-12.6325976744462	-11.7171623071112	-13.047635173725	-12.4517906496726	-13.381079385056	-14.7284165792168	-13.6034718063924	-15.3937591288623	-13.0680584780199	-13.5323559252888	-15.139791142151	-13.6678876912915	-13.4541279012774	-14.5850799027671	-13.451146704366	-14.3924963173218	-13.6650186112167	-13.0242162374208	-11.8605327692339	-13.6489192697882	-13.1884343071136	-11.927098916031	-13.3459595964041	-13.0253126199217	-14.6102751206429	-12.9473934245677	-12.8301190254445	-13.7767414433999	-13.3937591288623	-10.3121883834926
131CT15.fastq	-12.8415643477306	-13.0493948004168	-13.3741791345532	-14.7020103080886	-12.8192310845252	-14.4697371967806	-13.0304947197495	-15.4729763549577	-3.74584224891232	-0.151599067722434	-12.0233645235179	-13.7020103080886	-14.0215872981245	-13.352687178175	-11.5753210588916	-8.86636984089494	-12.6157215840088	-12.8605327692339	-14.234268583804	-14.4737374540671	-14.2817851707837	-10.9538326821453	-14.4737374540671	-13.6489192697882	-11.8163291583953	-15.2465179431889	-10.0278332635891	-10.4177797819051	-10.8834433542539	-12.0335213280013	-13.7420988697783	-13.6049701327204	-5.93813887504013	-13.4384020227968	-14.1616830258014	-14.2406795487735	-14.5881680566627	-14.7249046011605	-13.8957961505405	-11.1058357755903	-14.8881724496659	-14.6615554424678	-13.6216703458454	-12.5636729598275	-13.6678876912915	-13.0242162374208	-13.4729763549577	-10.1882979357823	-11.1882979357823	-12.0200076319992	-14.7249046011605	-13.9591416352744	-13.2436202928472	-13.8661842036449	-12.5120614167522	-14.352687178175	-14.0233645235179	-15.2436202928472	-12.8745971924016	-12.894655386031	-13.4384020227968	-12.3247993548187	-14.9591416352744	-12.8301190254445	-12.6325976744462	-11.7171623071112	-13.047635173725	-12.4517906496726	-13.381079385056	-14.7284165792168	-13.6034718063924	-15.3937591288623	-13.0680584780199	-13.5323559252888	-11.8163291583953	-13.6678876912915	-13.4541279012774	-14.5850799027671	-9.95383268214528	-11.2757607770326	-13.6650186112167	-13.0242162374208	-11.8605327692339	-13.6489192697882	-13.1884343071136	-11.927098916031	-13.3459595964041	-13.0253126199217	-14.6102751206429	-12.9473934245677	-12.8301190254445	-13.7767414433999	-13.3937591288623	-10.3121883834926
101LT11.fastq	-7.77715110810308	-13.0493948004168	-13.3741791345532	-9.92689822760776	-12.8192310845252	-14.4697371967806	-13.0304947197495	-10.4674666089705	-4.31495128578778	-0.257570223211857	-12.0233645235179	-13.7020103080886	-14.0215872981245	-13.352687178175	-15.4681785407733	-10.9268982276078	-9.97270191722088	-12.8605327692339	-12.9268982276078	-14.4737374540671	-11.9268982276078	-13.7767414433999	-14.4737374540671	-13.6489192697882	-11.1195433055502	-9.04425517824592	-15.1263818305426	-15.0640269646657	-8.26868674485597	-12.0335213280013	-13.7420988697783	-12.6049701327204	-4.80019375476457	-13.4384020227968	-14.1616830258014	-14.2406795487735	-11.0200076319992	-14.7249046011605	-11.3419357268866	-10.3419357268866	-10.534580804829	-12.1195433055502	-13.6216703458454	-9.19897777304456	-13.6678876912915	-13.0242162374208	-13.4729763549577	-7.79761521066279	-10.7569732261654	-11.0200076319992	-14.7249046011605	-10.3419357268866	-6.94390465291345	-13.8661842036449	-12.5120614167522	-9.75697322616545	-9.534580804829	-7.33444119033968	-12.8745971924016	-12.894655386031	-9.79761521066279	-12.3247993548187	-11.6049701327204	-12.8301190254445	-12.6325976744462	-11.7171623071112	-11.6049701327204	-10.7569732261654	-13.381079385056	-7.83943538635742	-13.6034718063924	-7.35704261927681	-11.4674666089705	-13.5323559252888	-7.6140152723234	-9.64149600874551	-13.4541279012774	-11.7569732261654	-13.451146704366	-14.3924963173218	-13.6650186112167	-13.0242162374208	-11.8605327692339	-9.40333627155075	-13.1884343071136	-10.1720107254443	-13.3459595964041	-7.50063347290566	-8.04425517824592	-12.9473934245677	-12.8301190254445	-8.97270191722088	-9.92689822760776	-9.31218838349255
124HT13.fastq	-12.8415643477306	-13.0493948004168	-13.3741791345532	-14.7020103080886	-12.8192310845252	-14.4697371967806	-13.0304947197495	-10.4743024223774	-1.76592852269406	-0.770398848932704	-12.0233645235179	-13.7020103080886	-14.0215872981245	-13.352687178175	-15.4681785407733	-8.58448534012779	-12.6157215840088	-12.8605327692339	-14.234268583804	-8.72887524946297	-14.2817851707837	-9.91790907385298	-10.8613255454866	-13.6489192697882	-8.56176526362771	-7.27636304476546	-15.1263818305426	-15.0640269646657	-7.55053800820445	-12.0335213280013	-13.7420988697783	-13.6049701327204	-3.4460713114307	-13.4384020227968	-14.1616830258014	-14.2406795487735	-11.3918402621854	-14.7249046011605	-13.8957961505405	-8.86132554548661	-10.3138377501841	-14.6615554424678	-13.6216703458454	-12.5636729598275	-13.6678876912915	-13.0242162374208	-13.4729763549577	-11.7544103415701	-8.53939745059925	-12.0200076319992	-14.7249046011605	-13.9591416352744	-13.2436202928472	-13.8661842036449	-12.5120614167522	-14.352687178175	-14.0233645235179	-15.2436202928472	-12.8745971924016	-12.894655386031	-13.4384020227968	-12.3247993548187	-14.9591416352744	-12.8301190254445	-12.6325976744462	-11.7171623071112	-13.047635173725	-12.4517906496726	-13.381079385056	-14.7284165792168	-13.6034718063924	-15.3937591288623	-13.0680584780199	-13.5323559252888	-15.139791142151	-13.6678876912915	-13.4541279012774	-14.5850799027671	-13.451146704366	-14.3924963173218	-13.6650186112167	-13.0242162374208	-11.8605327692339	-13.6489192697882	-13.1884343071136	-11.927098916031	-13.3459595964041	-13.0253126199217	-14.6102751206429	-12.9473934245677	-12.8301190254445	-13.7767414433999	-13.3937591288623	-10.3121883834926
102LT11.fastq	-12.8415643477306	-13.0493948004168	-13.3741791345532	-14.7020103080886	-12.8192310845252	-12.1917789426787	-13.0304947197495	-15.4729763549577	-2.02645317580823	-0.491917343175264	-12.0233645235179	-13.7020103080886	-14.0215872981245	-13.352687178175	-15.4681785407733	-13.927098916031	-12.6157215840088	-12.8605327692339	-14.234268583804	-14.4737374540671	-14.2817851707837	-12.7767414433999	-14.4737374540671	-13.6489192697882	-14.4729763549577	-8.45481334851253	-9.68927860214955	-15.0640269646657	-9.60681644195757	-12.0335213280013	-13.7420988697783	-13.6049701327204	-5.75993315571333	-13.4384020227968	-14.1616830258014	-14.2406795487735	-11.9693865213423	-14.7249046011605	-13.8957961505405	-15.4700868678253	-11.6068164419576	-14.6615554424678	-13.6216703458454	-12.5636729598275	-13.6678876912915	-13.0242162374208	-11.3173098247626	-10.6892786021495	-10.3844240206211	-12.0200076319992	-14.7249046011605	-13.9591416352744	-13.2436202928472	-13.8661842036449	-12.5120614167522	-14.352687178175	-14.0233645235179	-11.6068164419576	-12.8745971924016	-12.894655386031	-13.4384020227968	-12.3247993548187	-14.9591416352744	-12.8301190254445	-12.6325976744462	-11.7171623071112	-13.047635173725	-12.4517906496726	-13.381079385056	-14.7284165792168	-13.6034718063924	-13.1917789426787	-13.0680584780199	-13.5323559252888	-11.1917789426787	-12.4548133485125	-13.4541279012774	-14.5850799027671	-6.03190760590034	-10.8698508477914	-13.6650186112167	-13.0242162374208	-11.8605327692339	-13.6489192697882	-13.1884343071136	-11.927098916031	-13.3459595964041	-13.0253126199217	-14.6102751206429	-12.9473934245677	-12.8301190254445	-12.7767414433999	-13.3937591288623	-10.3121883834926
127HT13.fastq	-12.8415643477306	-13.0493948004168	-13.3741791345532	-14.7020103080886	-12.8192310845252	-14.4697371967806	-13.0304947197495	-11.9356561798351	-1.87721340344061	-0.561160034143608	-12.0233645235179	-13.7020103080886	-14.0215872981245	-13.352687178175	-15.4681785407733	-7.20773572527192	-12.6157215840088	-12.8605327692339	-14.234268583804	-10.350693679114	-14.2817851707837	-9.43315583930594	-14.4737374540671	-13.6489192697882	-9.0287655842266	-10.061187061919	-15.1263818305426	-15.0640269646657	-9.82017896241519	-12.0335213280013	-11.1986905856689	-13.6049701327204	-4.91513916249461	-13.4384020227968	-14.1616830258014	-14.2406795487735	-14.5881680566627	-14.7249046011605	-13.8957961505405	-10.061187061919	-12.1986905856689	-14.6615554424678	-13.6216703458454	-12.5636729598275	-13.6678876912915	-13.0242162374208	-13.4729763549577	-11.5206186805563	-9.52061868055628	-12.0200076319992	-11.1986905856689	-13.9591416352744	-13.2436202928472	-13.8661842036449	-12.5120614167522	-14.352687178175	-14.0233645235179	-15.2436202928472	-12.8745971924016	-12.894655386031	-13.4384020227968	-12.3247993548187	-14.9591416352744	-12.8301190254445	-12.6325976744462	-11.7171623071112	-13.047635173725	-12.4517906496726	-13.381079385056	-14.7284165792168	-13.6034718063924	-15.3937591288623	-13.0680584780199	-13.5323559252888	-15.139791142151	-13.6678876912915	-13.4541279012774	-14.5850799027671	-13.451146704366	-14.3924963173218	-13.6650186112167	-13.0242162374208	-11.8605327692339	-13.6489192697882	-13.1884343071136	-11.927098916031	-13.3459595964041	-13.0253126199217	-14.6102751206429	-12.9473934245677	-12.8301190254445	-13.7767414433999	-13.3937591288623	-10.3121883834926
130CT15.fastq	-12.8415643477306	-13.0493948004168	-13.3741791345532	-14.7020103080886	-12.8192310845252	-14.4697371967806	-13.0304947197495	-9.87260492972435	-1.8960191101786	-0.831526589901524	-12.0233645235179	-13.7020103080886	-14.0215872981245	-13.352687178175	-15.4681785407733	-7.40920440888411	-12.6157215840088	-12.8605327692339	-14.234268583804	-9.42514595275313	-11.5950709541954	-8.82953620783247	-11.5950709541954	-13.6489192697882	-11.0101084534743	-7.25878756633101	-11.7470740476405	-15.0640269646657	-7.59507095419545	-12.0335213280013	-9.59507095419544	-13.6049701327204	-2.98811060968517	-13.4384020227968	-14.1616830258014	-14.2406795487735	-10.0101084534743	-14.7249046011605	-13.8957961505405	-7.65021250838791	-8.66907153563922	-14.6615554424678	-13.6216703458454	-12.5636729598275	-13.6678876912915	-13.0242162374208	-13.4729763549577	-9.08410903491806	-7.08410903491807	-12.0200076319992	-10.7470740476405	-13.9591416352744	-13.2436202928472	-13.8661842036449	-12.5120614167522	-14.352687178175	-14.0233645235179	-15.2436202928472	-12.8745971924016	-12.894655386031	-13.4384020227968	-12.3247993548187	-14.9591416352744	-12.8301190254445	-12.6325976744462	-11.7171623071112	-13.047635173725	-12.4517906496726	-13.381079385056	-14.7284165792168	-13.6034718063924	-12.9169990490828	-13.0680584780199	-13.5323559252888	-15.139791142151	-13.6678876912915	-13.4541279012774	-14.5850799027671	-13.451146704366	-14.3924963173218	-13.6650186112167	-13.0242162374208	-11.8605327692339	-13.6489192697882	-13.1884343071136	-11.927098916031	-13.3459595964041	-13.0253126199217	-14.6102751206429	-12.9473934245677	-12.8301190254445	-13.7767414433999	-13.3937591288623	-10.3121883834926
135HT23.fastq	-12.8415643477306	-13.0493948004168	-13.3741791345532	-14.7020103080886	-12.8192310845252	-14.4697371967806	-13.0304947197495	-15.4729763549577	-5.56879830154791	-0.0404956642835279	-12.0233645235179	-13.7020103080886	-14.0215872981245	-13.352687178175	-15.4681785407733	-11.4391630211313	-12.6157215840088	-12.8605327692339	-14.234268583804	-14.4737374540671	-14.2817851707837	-13.7767414433999	-14.4737374540671	-13.6489192697882	-14.4729763549577	-14.2465179431889	-15.1263818305426	-15.0640269646657	-15.1169530788488	-12.0335213280013	-13.7420988697783	-13.6049701327204	-7.56703784368347	-13.4384020227968	-14.1616830258014	-14.2406795487735	-14.5881680566627	-14.7249046011605	-13.8957961505405	-15.4700868678253	-14.8881724496659	-13.6615554424678	-13.6216703458454	-12.5636729598275	-13.6678876912915	-13.0242162374208	-13.4729763549577	-10.5460782250478	-12.4391630211313	-12.0200076319992	-14.7249046011605	-13.9591416352744	-13.2436202928472	-13.8661842036449	-12.5120614167522	-14.352687178175	-14.0233645235179	-15.2436202928472	-12.8745971924016	-12.894655386031	-13.4384020227968	-12.3247993548187	-14.9591416352744	-12.8301190254445	-12.6325976744462	-11.7171623071112	-13.047635173725	-12.4517906496726	-13.381079385056	-14.7284165792168	-13.6034718063924	-15.3937591288623	-13.0680584780199	-13.5323559252888	-15.139791142151	-13.6678876912915	-13.4541279012774	-14.5850799027671	-13.451146704366	-14.3924963173218	-13.6650186112167	-13.0242162374208	-11.8605327692339	-13.6489192697882	-13.1884343071136	-11.927098916031	-13.3459595964041	-13.0253126199217	-14.6102751206429	-12.9473934245677	-12.8301190254445	-13.7767414433999	-13.3937591288623	-10.3121883834926
27HT3.fastq	-12.8415643477306	-7.7431513941125	-13.3741791345532	-14.7020103080886	-12.8192310845252	-14.4697371967806	-13.0304947197495	-15.4729763549577	-4.05665086692928	-1.03579226203162	-12.0233645235179	-13.7020103080886	-14.0215872981245	-13.352687178175	-5.78895508372563	-13.927098916031	-4.72078358108404	-12.8605327692339	-14.234268583804	-5.98826389194903	-7.15818889339134	-7.04271167597141	-14.4737374540671	-13.6489192697882	-14.4729763549577	-4.00168440771135	-15.1263818305426	-15.0640269646657	-15.1169530788488	-12.0335213280013	-13.7420988697783	-13.6049701327204	-5.38559938949442	-13.4384020227968	-14.1616830258014	-14.2406795487735	-6.9357964720549	-14.7249046011605	-13.8957961505405	-15.4700868678253	-14.8881724496659	-14.6615554424678	-13.6216703458454	-12.5636729598275	-13.6678876912915	-13.0242162374208	-13.4729763549577	-2.77736710945041	-15.1653388536675	-12.0200076319992	-14.7249046011605	-13.9591416352744	-13.2436202928472	-13.8661842036449	-12.5120614167522	-14.352687178175	-14.0233645235179	-5.57322639267019	-12.8745971924016	-12.894655386031	-13.4384020227968	-12.3247993548187	-7.7431513941125	-12.8301190254445	-12.6325976744462	-11.7171623071112	-13.047635173725	-12.4517906496726	-13.381079385056	-14.7284165792168	-5.83626079850398	-7.2837197754752	-13.0680584780199	-13.5323559252888	-15.139791142151	-13.6678876912915	-13.4541279012774	-14.5850799027671	-13.451146704366	-14.3924963173218	-13.6650186112167	-13.0242162374208	-11.8605327692339	-13.6489192697882	-4.53369802848355	-11.927098916031	-13.3459595964041	-13.0253126199217	-6.35083397133374	-12.9473934245677	-12.8301190254445	-13.7767414433999	-5.98826389194903	-10.3121883834926
100LT21.fastq	-12.8415643477306	-13.0493948004168	-13.3741791345532	-14.7020103080886	-11.8192310845252	-12.234268583804	-13.0304947197495	-15.4729763549577	-1.79443769982261	-0.619098769960395	-10.8192310845252	-13.7020103080886	-14.0215872981245	-13.352687178175	-15.4681785407733	-11.8192310845252	-12.6157215840088	-12.8605327692339	-13.234268583804	-11.4973029896378	-14.2817851707837	-13.7767414433999	-14.4737374540671	-13.6489192697882	-14.4729763549577	-7.76394864902396	-15.1263818305426	-10.3597994658879	-10.1753748947504	-12.0335213280013	-13.7420988697783	-13.6049701327204	-6.58561140776545	-13.4384020227968	-14.1616830258014	-14.2406795487735	-11.3597994658879	-14.7249046011605	-13.8957961505405	-15.4700868678253	-11.8192310845252	-14.6615554424678	-9.64930608308284	-10.7317682432748	-13.6678876912915	-13.0242162374208	-10.6493060830828	-11.6493060830828	-9.86503477413828	-12.0200076319992	-14.7249046011605	-13.9591416352744	-9.06434358236169	-13.8661842036449	-10.2956691284681	-14.352687178175	-14.0233645235179	-7.85344679986307	-11.0118761624675	-10.2956691284681	-13.4384020227968	-12.3247993548187	-14.9591416352744	-12.8301190254445	-9.96125008939758	-11.7171623071112	-13.047635173725	-12.4517906496726	-13.381079385056	-8.49730298963779	-9.64930608308284	-8.5338288656629	-13.0680584780199	-13.5323559252888	-7.25698866030408	-13.6678876912915	-13.4541279012774	-14.5850799027671	-7.85344679986307	-12.8192310845252	-9.64930608308284	-13.0242162374208	-11.8605327692339	-9.26464223284752	-10.7317682432748	-11.927098916031	-13.3459595964041	-8.29566912846814	-8.68994806758019	-12.9473934245677	-12.8301190254445	-13.7767414433999	-9.20452124040995	-10.3121883834926
148CT20.fastq	-12.8415643477306	-13.0493948004168	-13.3741791345532	-14.7020103080886	-12.8192310845252	-14.4697371967806	-13.0304947197495	-9.87993663480522	-5.78163456119341	-0.0472088761701825	-12.0233645235179	-13.7020103080886	-14.0215872981245	-13.352687178175	-15.4681785407733	-11.0778760124171	-11.3579839316099	-12.8605327692339	-14.234268583804	-14.4737374540671	-13.1653388536675	-11.5803763529463	-14.4737374540671	-13.6489192697882	-14.4729763549577	-11.5803763529463	-15.1263818305426	-15.0640269646657	-15.1169530788488	-12.0335213280013	-13.7420988697783	-13.6049701327204	-6.64963901538342	-13.4384020227968	-14.1616830258014	-14.2406795487735	-12.5803763529463	-14.7249046011605	-13.8957961505405	-15.4700868678253	-14.8881724496659	-14.6615554424678	-13.6216703458454	-12.5636729598275	-13.6678876912915	-13.0242162374208	-13.4729763549577	-9.87993663480522	-14.1653388536675	-12.0200076319992	-14.7249046011605	-13.9591416352744	-13.2436202928472	-13.8661842036449	-12.5120614167522	-14.352687178175	-14.0233645235179	-15.2436202928472	-12.8745971924016	-12.894655386031	-13.4384020227968	-12.3247993548187	-14.9591416352744	-12.8301190254445	-12.6325976744462	-11.7171623071112	-13.047635173725	-12.4517906496726	-13.381079385056	-14.7284165792168	-13.6034718063924	-15.3937591288623	-13.0680584780199	-13.5323559252888	-13.1653388536675	-13.6678876912915	-13.4541279012774	-14.5850799027671	-13.451146704366	-14.3924963173218	-13.6650186112167	-13.0242162374208	-11.8605327692339	-13.6489192697882	-13.1884343071136	-11.927098916031	-13.3459595964041	-13.0253126199217	-14.6102751206429	-12.9473934245677	-12.8301190254445	-13.7767414433999	-13.3937591288623	-10.3121883834926
133CT15.fastq	-12.8415643477306	-13.0493948004168	-13.3741791345532	-14.7020103080886	-12.8192310845252	-14.4697371967806	-13.0304947197495	-15.4729763549577	-2.39430757424048	-0.418214690453052	-12.0233645235179	-13.7020103080886	-14.0215872981245	-13.352687178175	-15.4681785407733	-8.68399715150583	-12.6157215840088	-12.8605327692339	-14.234268583804	-11.6839971515058	-14.2817851707837	-10.0319204549261	-10.4038892323131	-13.6489192697882	-10.2434245601198	-9.36206905661847	-15.1263818305426	-15.0640269646657	-10.1694239786761	-12.0335213280013	-9.24342456011985	-13.6049701327204	-4.35949511295464	-13.4384020227968	-14.1616830258014	-11.3214270721211	-11.0319204549261	-14.7249046011605	-13.8957961505405	-11.0319204549261	-14.8881724496659	-14.6615554424678	-13.6216703458454	-12.5636729598275	-13.6678876912915	-13.0242162374208	-13.4729763549577	-11.0319204549261	-9.90638957284228	-12.0200076319992	-10.7909123554223	-13.9591416352744	-13.2436202928472	-13.8661842036449	-12.5120614167522	-14.352687178175	-14.0233645235179	-15.2436202928472	-12.8745971924016	-12.894655386031	-13.4384020227968	-12.3247993548187	-14.9591416352744	-12.8301190254445	-12.6325976744462	-11.7171623071112	-13.047635173725	-12.4517906496726	-13.381079385056	-14.7284165792168	-13.6034718063924	-15.3937591288623	-13.0680584780199	-13.5323559252888	-15.139791142151	-13.6678876912915	-13.4541279012774	-14.5850799027671	-13.451146704366	-14.3924963173218	-13.6650186112167	-13.0242162374208	-11.8605327692339	-13.6489192697882	-13.1884343071136	-11.927098916031	-13.3459595964041	-13.0253126199217	-14.6102751206429	-12.9473934245677	-12.8301190254445	-13.7767414433999	-13.3937591288623	-10.3121883834926
153CT20.fastq	-12.8415643477306	-13.0493948004168	-13.3741791345532	-14.7020103080886	-12.8192310845252	-14.4697371967806	-13.0304947197495	-12.1731305573839	-4.29048750802203	-0.11319467227157	-12.0233645235179	-13.7020103080886	-14.0215872981245	-13.352687178175	-15.4681785407733	-13.927098916031	-12.6157215840088	-12.8605327692339	-14.234268583804	-14.4737374540671	-14.2817851707837	-13.7767414433999	-14.4737374540671	-13.6489192697882	-12.3657756353263	-13.1731305573839	-9.85120246249651	-15.0640269646657	-11.7136989387466	-12.0335213280013	-13.7420988697783	-13.6049701327204	-5.59381461980386	-13.4384020227968	-14.1616830258014	-14.2406795487735	-13.5881680566627	-14.7249046011605	-13.8957961505405	-11.2662399617754	-14.8881724496659	-14.6615554424678	-13.6216703458454	-12.5636729598275	-13.6678876912915	-13.0242162374208	-13.4729763549577	-11.3657756353263	-15.1653388536675	-12.0200076319992	-14.7249046011605	-13.9591416352744	-13.2436202928472	-13.8661842036449	-12.5120614167522	-14.352687178175	-14.0233645235179	-15.2436202928472	-12.8745971924016	-12.894655386031	-13.4384020227968	-12.3247993548187	-14.9591416352744	-12.8301190254445	-12.6325976744462	-11.7171623071112	-13.047635173725	-12.4517906496726	-13.381079385056	-14.7284165792168	-13.6034718063924	-15.3937591288623	-13.0680584780199	-13.5323559252888	-15.139791142151	-13.6678876912915	-13.4541279012774	-14.5850799027671	-10.1287364380254	-14.3924963173218	-13.6650186112167	-13.0242162374208	-11.8605327692339	-13.6489192697882	-13.1884343071136	-11.927098916031	-13.3459595964041	-13.0253126199217	-14.6102751206429	-12.9473934245677	-12.8301190254445	-13.7767414433999	-13.3937591288623	-10.3121883834926
138HT23.fastq	-12.8415643477306	-13.0493948004168	-11.7499532051641	-14.7020103080886	-12.8192310845252	-14.4697371967806	-13.0304947197495	-15.4729763549577	-6.15301806277688	-0.0767324786052275	-12.0233645235179	-13.7020103080886	-14.0215872981245	-11.6124496814142	-15.4681785407733	-9.67956387727272	-12.6157215840088	-12.8605327692339	-14.234268583804	-14.4737374540671	-14.2817851707837	-13.7767414433999	-14.4737374540671	-13.6489192697882	-14.4729763549577	-10.9844184588011	-15.1263818305426	-15.0640269646657	-11.3714415819104	-12.0335213280013	-11.0718813000515	-13.6049701327204	-5.58203333961218	-13.4384020227968	-14.1616830258014	-14.2406795487735	-10.9019562986092	-12.0718813000515	-13.8957961505405	-10.4869187993303	-14.8881724496659	-14.6615554424678	-13.6216703458454	-12.5636729598275	-6.97384921709095	-13.0242162374208	-13.4729763549577	-8.26452637799387	-11.4869187993303	-12.0200076319992	-14.7249046011605	-13.9591416352744	-13.2436202928472	-13.8661842036449	-12.5120614167522	-14.352687178175	-14.0233645235179	-15.2436202928472	-12.8745971924016	-12.894655386031	-13.4384020227968	-12.3247993548187	-14.9591416352744	-12.8301190254445	-12.6325976744462	-11.7171623071112	-13.047635173725	-12.4517906496726	-13.381079385056	-14.7284165792168	-13.6034718063924	-14.0718813000515	-13.0680584780199	-13.5323559252888	-15.139791142151	-13.6678876912915	-13.4541279012774	-10.6124496814142	-13.451146704366	-14.3924963173218	-13.6650186112167	-13.0242162374208	-11.8605327692339	-13.6489192697882	-13.1884343071136	-11.927098916031	-13.3459595964041	-13.0253126199217	-14.6102751206429	-12.9473934245677	-12.8301190254445	-13.7767414433999	-13.3937591288623	-10.3121883834926
132CT15.fastq	-12.8415643477306	-13.0493948004168	-13.3741791345532	-14.7020103080886	-12.8192310845252	-14.4697371967806	-13.0304947197495	-15.4729763549577	-5.6841734941016	-0.0656758680006779	-12.0233645235179	-13.7020103080886	-14.0215872981245	-13.352687178175	-15.4681785407733	-10.0312261831446	-12.6157215840088	-12.8605327692339	-14.234268583804	-14.4737374540671	-14.2817851707837	-11.5402398306324	-14.4737374540671	-13.6489192697882	-11.4333246267159	-11.0707545473312	-15.1263818305426	-15.0640269646657	-11.9187514538862	-12.0335213280013	-10.1113965318286	-13.6049701327204	-5.6841734941016	-13.4384020227968	-14.1616830258014	-13.2406795487735	-11.9187514538862	-14.7249046011605	-13.8957961505405	-15.4700868678253	-11.9187514538862	-14.6615554424678	-13.6216703458454	-12.5636729598275	-13.6678876912915	-13.0242162374208	-13.4729763549577	-9.74882645244385	-10.8483621259948	-12.0200076319992	-14.7249046011605	-13.9591416352744	-13.2436202928472	-13.8661842036449	-12.5120614167522	-14.352687178175	-14.0233645235179	-15.2436202928472	-12.8745971924016	-12.894655386031	-13.4384020227968	-12.3247993548187	-14.9591416352744	-12.8301190254445	-12.6325976744462	-11.7171623071112	-13.047635173725	-12.4517906496726	-13.381079385056	-14.7284165792168	-13.6034718063924	-15.3937591288623	-13.0680584780199	-13.5323559252888	-15.139791142151	-13.6678876912915	-13.4541279012774	-14.5850799027671	-13.451146704366	-14.3924963173218	-13.6650186112167	-13.0242162374208	-11.8605327692339	-13.6489192697882	-13.1884343071136	-11.927098916031	-13.3459595964041	-13.0253126199217	-14.6102751206429	-12.9473934245677	-12.8301190254445	-13.7767414433999	-13.3937591288623	-10.3121883834926
25HT3.fastq	-5.80165587533092	-13.0493948004168	-13.3741791345532	-14.7020103080886	-6.79231801075159	-7.6934029846789	-13.0304947197495	-15.4729763549577	-3.59270898505943	-1.30440019871924	-7.80165587533092	-13.7020103080886	-8.82051490258224	-13.352687178175	-15.4681785407733	-13.927098916031	-12.6157215840088	-8.89851741458351	-14.234268583804	-9.4245862262511	-6.43181779548218	-8.23555240186109	-14.4737374540671	-13.6489192697882	-14.4729763549577	-4.74201292890352	-15.1263818305426	-15.0640269646657	-11.2610874939682	-12.0335213280013	-13.7420988697783	-13.6049701327204	-5.23871968093977	-13.4384020227968	-14.1616830258014	-9.4245862262511	-8.64217766132373	-14.7249046011605	-8.26108749396822	-15.4700868678253	-9.26108749396822	-14.6615554424678	-8.28708270250117	-12.5636729598275	-13.6678876912915	-13.0242162374208	-8.23555240186109	-10.6090107973885	-9.82051490258224	-12.0200076319992	-14.7249046011605	-8.34052196146263	-6.20425627137155	-13.8661842036449	-6.17969916712757	-8.4245862262511	-8.98097957477549	-4.31689835693673	-12.8745971924016	-12.894655386031	-7.3002580912489	-7.6254989201771	-9.89851741458351	-6.70212020178001	-12.6325976744462	-11.7171623071112	-13.047635173725	-12.4517906496726	-8.45373257191062	-6.67612499324707	-13.6034718063924	-4.80869915233504	-13.0680584780199	-7.64217766132373	-4.10844048395774	-13.6678876912915	-13.4541279012774	-14.5850799027671	-3.76124160688502	-7.83962372552995	-6.19192546946083	-13.0242162374208	-6.79231801075159	-8.51385356434819	-6.83003767670075	-11.927098916031	-13.3459595964041	-6.45373257191062	-7.49858680769488	-7.28708270250117	-12.8301190254445	-7.38194188884261	-6.65058990113993	-8.18579936666398
33CT4.fastq	-6.19140022940154	-11.6467274497061	-7.45690289082609	-14.7020103080886	-7.69253113931923	-14.4697371967806	-13.0304947197495	-15.4729763549577	-6.61330444816865	-1.5855250426611	-8.32479935481874	-8.43727408407715	-9.47680244826379	-6.97430210773461	-6.88517621726162	-7.54869536674558	-5.65520560363041	-12.8605327692339	-10.7398368540976	-14.4737374540671	-14.2817851707837	-12.3247993548187	-14.4737374540671	-13.6489192697882	-14.4729763549577	-7.38933960701345	-15.1263818305426	-15.0640269646657	-8.3799409090112	-12.0335213280013	-13.7420988697783	-9.39879993626252	-8.04681460751898	-13.4384020227968	-14.1616830258014	-14.2406795487735	-6.34751943131882	-6.82017896241519	-8.03201760559089	-8.89183994754263	-5.01191639953439	-8.01737082962649	-7.55926460845576	-12.5636729598275	-13.6678876912915	-8.00287125993138	-13.4729763549577	-1.587552011791	-8.43727408407715	-12.0200076319992	-14.7249046011605	-6.1114520730853	-5.16291167244185	-13.8661842036449	-7.55926460845576	-7.63550019428285	-14.0233645235179	-10.7398368540976	-12.8745971924016	-12.894655386031	-6.8458275497858	-11.3247993548187	-8.01737082962649	-12.8301190254445	-12.6325976744462	-11.7171623071112	-13.047635173725	-12.4517906496726	-13.381079385056	-5.30021371654047	-11.0617649489849	-6.5277863769826	-13.0680584780199	-13.5323559252888	-5.37293185049184	-7.53820299292793	-13.4541279012774	-14.5850799027671	-13.451146704366	-14.3924963173218	-13.6650186112167	-6.94628773156501	-11.8605327692339	-13.6489192697882	-6.98851596695431	-10.3247993548187	-13.3459595964041	-7.32479935481874	-7.40832271038102	-12.9473934245677	-12.8301190254445	-13.7767414433999	-13.3937591288623	-10.3121883834926
134CT15.fastq	-12.8415643477306	-13.0493948004168	-13.3741791345532	-14.7020103080886	-12.8192310845252	-14.4697371967806	-13.0304947197495	-15.4729763549577	-3.66945333468907	-0.159561466869978	-12.0233645235179	-13.7020103080886	-14.0215872981245	-13.352687178175	-15.4681785407733	-9.30244853183203	-12.6157215840088	-12.8605327692339	-14.234268583804	-10.3430905163294	-14.2817851707837	-11.150445438387	-14.4737374540671	-13.6489192697882	-11.150445438387	-8.43895053173689	-10.0800561104956	-15.0640269646657	-10.7719338151332	-12.0335213280013	-11.302448531832	-13.6049701327204	-6.02735868740592	-13.4384020227968	-14.1616830258014	-14.2406795487735	-14.5881680566627	-14.7249046011605	-13.8957961505405	-13.4723735332743	-12.302448531832	-14.6615554424678	-13.6216703458454	-12.5636729598275	-13.6678876912915	-13.0242162374208	-13.4729763549577	-9.98052043694467	-10.7719338151332	-12.0200076319992	-14.7249046011605	-13.9591416352744	-13.2436202928472	-13.8661842036449	-12.5120614167522	-14.352687178175	-14.0233645235179	-15.2436202928472	-12.8745971924016	-12.894655386031	-13.4384020227968	-12.3247993548187	-12.6650186112167	-12.8301190254445	-12.6325976744462	-11.7171623071112	-13.047635173725	-12.4517906496726	-13.381079385056	-14.7284165792168	-13.6034718063924	-15.3937591288623	-13.0680584780199	-13.5323559252888	-15.139791142151	-13.6678876912915	-13.4541279012774	-11.8874110325532	-11.4723735332743	-14.3924963173218	-12.6650186112167	-13.0242162374208	-11.8605327692339	-13.6489192697882	-13.1884343071136	-11.927098916031	-13.3459595964041	-13.0253126199217	-14.6102751206429	-12.9473934245677	-12.8301190254445	-13.7767414433999	-13.3937591288623	-10.3121883834926
78LT18.fastq	-12.8415643477306	-10.7978088824793	-13.3741791345532	-14.7020103080886	-12.8192310845252	-8.93531240622921	-13.0304947197495	-8.79780888247928	-3.61970994959127	-1.93785062511637	-9.25724050111658	-13.7020103080886	-8.50235299895311	-5.26006102017895	-15.4681785407733	-13.927098916031	-12.6157215840088	-12.8605327692339	-14.234268583804	-6.46933794172514	-14.2817851707837	-13.7767414433999	-14.4737374540671	-13.6489192697882	-14.4729763549577	-7.0284218106207	-15.1263818305426	-15.0640269646657	-9.86492307833782	-12.0335213280013	-13.7420988697783	-13.6049701327204	-1.70073444644465	-13.4384020227968	-14.1616830258014	-6.57073997393336	-14.5881680566627	-14.7249046011605	-7.24601324569332	-8.399259505989	-8.00931298767299	-14.6615554424678	-13.6216703458454	-12.5636729598275	-13.6678876912915	-13.0242162374208	-8.47588078759192	-8.00931298767299	-5.05511667728612	-12.0200076319992	-8.27996057761666	-13.9591416352744	-6.06741594223656	-13.8661842036449	-12.5120614167522	-14.352687178175	-14.0233645235179	-15.2436202928472	-12.8745971924016	-12.894655386031	-13.4384020227968	-12.3247993548187	-7.67227800039542	-12.8301190254445	-12.6325976744462	-11.7171623071112	-13.047635173725	-12.4517906496726	-13.381079385056	-7.05756815628021	-13.6034718063924	-15.3937591288623	-13.0680584780199	-13.5323559252888	-5.23487268808812	-13.6678876912915	-13.4541279012774	-9.61338431134185	-2.63656245898117	-8.89968849649849	-6.3030441907297	-13.0242162374208	-11.8605327692339	-13.6489192697882	-13.1884343071136	-11.927098916031	-13.3459595964041	-13.0253126199217	-14.6102751206429	-12.9473934245677	-12.8301190254445	-13.7767414433999	-13.3937591288623	-10.3121883834926
29CT4.fastq	-5.44497637205132	-7.36669161510327	-13.3741791345532	-14.7020103080886	-7.81599901646686	-14.4697371967806	-13.0304947197495	-15.4729763549577	-3.8413638142225	-0.659040842906659	-8.12412131182919	-13.7020103080886	-9.87258254483322	-8.78851828004475	-15.4681785407733	-13.927098916031	-12.6157215840088	-8.81599901646686	-14.234268583804	-10.3465137331656	-14.2817851707837	-7.82993820742473	-14.4737374540671	-13.6489192697882	-14.4729763549577	-7.10704779847025	-9.42897589335761	-15.0640269646657	-15.1169530788488	-12.0335213280013	-13.7420988697783	-8.56224242422107	-7.46115629910676	-9.42897589335761	-14.1616830258014	-14.2406795487735	-14.5881680566627	-14.7249046011605	-8.24965219391305	-15.4700868678253	-14.8881724496659	-14.6615554424678	-9.38715571766298	-12.5636729598275	-9.42897589335761	-13.0242162374208	-13.4729763549577	-10.7090838125503	-9.60954813899943	-12.0200076319992	-14.7249046011605	-8.99287677855093	-5.53629915696879	-13.8661842036449	-7.85822725185615	-14.352687178175	-8.45034954415017	-5.33404438120342	-9.60954813899943	-8.90172889049274	-6.39749766188444	-12.3247993548187	-14.9591416352744	-12.8301190254445	-12.6325976744462	-8.36669161510327	-13.047635173725	-12.4517906496726	-13.381079385056	-9.09017397990585	-8.47204461524949	-4.68671599952189	-9.306985368979	-7.90172889049274	-5.0126129966122	-13.6678876912915	-8.49407092157949	-14.5850799027671	-13.451146704366	-14.3924963173218	-13.6650186112167	-13.0242162374208	-11.8605327692339	-6.70265754339091	-6.57392422926871	-11.927098916031	-13.3459595964041	-6.01659284752474	-14.6102751206429	-12.9473934245677	-12.8301190254445	-5.86898030815303	-6.24031432933371	-10.3121883834926
137HT23.fastq	-12.8415643477306	-13.0493948004168	-13.3741791345532	-14.7020103080886	-12.8192310845252	-14.4697371967806	-13.0304947197495	-15.4729763549577	-3.39225401597345	-0.179296191738254	-12.0233645235179	-13.7020103080886	-14.0215872981245	-13.352687178175	-15.4681785407733	-10.6157564589396	-12.6157215840088	-12.8605327692339	-14.234268583804	-13.4737374540671	-14.2817851707837	-9.59109440470529	-13.4737374540671	-13.6489192697882	-11.0143058354298	-12.4737374540671	-8.85902760995192	-10.0814200312884	-15.1169530788488	-12.0335213280013	-13.7420988697783	-13.6049701327204	-6.31134612531022	-13.4384020227968	-14.1616830258014	-14.2406795487735	-14.5881680566627	-14.7249046011605	-13.8957961505405	-10.9501754980101	-12.4737374540671	-14.6615554424678	-13.6216703458454	-12.5636729598275	-13.6678876912915	-13.0242162374208	-13.4729763549577	-9.38627461281679	-12.3038124526248	-12.0200076319992	-12.888774953346	-13.9591416352744	-13.2436202928472	-13.8661842036449	-12.5120614167522	-14.352687178175	-14.0233645235179	-15.2436202928472	-12.8745971924016	-12.894655386031	-13.4384020227968	-12.3247993548187	-14.9591416352744	-12.8301190254445	-12.6325976744462	-11.7171623071112	-13.047635173725	-12.4517906496726	-13.381079385056	-14.7284165792168	-13.6034718063924	-15.3937591288623	-13.0680584780199	-13.5323559252888	-15.139791142151	-13.6678876912915	-13.4541279012774	-14.5850799027671	-10.5195411436803	-14.3924963173218	-13.6650186112167	-13.0242162374208	-11.8605327692339	-13.6489192697882	-13.1884343071136	-11.927098916031	-13.3459595964041	-13.0253126199217	-14.6102751206429	-12.9473934245677	-12.8301190254445	-13.7767414433999	-13.3937591288623	-10.3121883834926
30CT4.fastq	-7.99921948509605	-9.49802534206749	-10.2142323760669	-6.72696654923288	-8.69965920323714	-14.4697371967806	-7.95549810766673	-15.4729763549577	-6.62926987534574	-1.19028005432245	-9.16360630299693	-13.7020103080886	-13.0215872981245	-11.0215872981245	-11.0215872981245	-13.927098916031	-9.16360630299693	-11.4366247974033	-14.234268583804	-14.4737374540671	-14.2817851707837	-13.7767414433999	-14.4737374540671	-13.6489192697882	-14.4729763549577	-9.26669979596103	-15.1263818305426	-15.0640269646657	-15.1169530788488	-12.0335213280013	-13.7420988697783	-9.32114757998341	-8.46699844644687	-13.4384020227968	-14.1616830258014	-14.2406795487735	-10.5621556794872	-14.7249046011605	-11.0215872981245	-15.4700868678253	-14.8881724496659	-14.6615554424678	-12.0215872981245	-10.5621556794872	-13.6678876912915	-13.0242162374208	-13.4729763549577	-5.93412445687416	-15.1653388536675	-12.0200076319992	-14.7249046011605	-8.69965920323714	-8.11469670251598	-8.37773110834978	-7.46699844644686	-14.352687178175	-11.2142323760669	-4.69291237079655	-8.26669979596103	-6.89230428117954	-5.26003606568002	-12.3247993548187	-14.9591416352744	-12.8301190254445	-12.6325976744462	-9.69965920323714	-13.047635173725	-6.16360630299693	-7.6121963619868	-8.52973420179483	-9.49802534206749	-3.49313318735971	-13.0680584780199	-7.62926987534574	-3.42260432708841	-10.2142323760669	-13.4541279012774	-14.5850799027671	-13.451146704366	-14.3924963173218	-13.6650186112167	-13.0242162374208	-6.1450703515595	-4.95549810766673	-3.04573933011772	-11.927098916031	-13.3459595964041	-7.62926987534574	-7.33508677094128	-8.85166229668219	-12.8301190254445	-6.6121963619868	-7.52973420179483	-10.3121883834926
142LT19.fastq	-12.8415643477306	-13.0493948004168	-11.0758611179946	-14.7020103080886	-12.8192310845252	-14.4697371967806	-13.0304947197495	-15.4729763549577	-5.53892013213637	-0.053889704210525	-12.0233645235179	-13.7020103080886	-14.0215872981245	-13.352687178175	-14.4681785407733	-11.6608236187157	-10.7132910386099	-12.8605327692339	-14.234268583804	-14.4737374540671	-14.2817851707837	-13.7767414433999	-11.8832160400522	-13.6489192697882	-14.4729763549577	-15.2465179431889	-15.1263818305426	-11.7677388226323	-12.8832160400522	-12.0335213280013	-13.7420988697783	-13.6049701327204	-6.82072011431843	-13.4384020227968	-10.1106265361553	-14.2406795487735	-11.7677388226323	-14.7249046011605	-13.8957961505405	-10.1827763219111	-11.380715699523	-14.6615554424678	-13.6216703458454	-12.5636729598275	-13.6678876912915	-13.0242162374208	-13.4729763549577	-9.66082361871574	-10.8243223509986	-12.0200076319992	-14.7249046011605	-13.9591416352744	-13.2436202928472	-13.8661842036449	-12.5120614167522	-14.352687178175	-14.0233645235179	-15.2436202928472	-12.8745971924016	-12.894655386031	-13.4384020227968	-12.3247993548187	-14.9591416352744	-12.8301190254445	-12.6325976744462	-11.7171623071112	-13.047635173725	-12.4517906496726	-13.381079385056	-14.7284165792168	-13.6034718063924	-15.3937591288623	-13.0680584780199	-13.5323559252888	-15.139791142151	-13.6678876912915	-13.4541279012774	-14.5850799027671	-13.451146704366	-14.3924963173218	-13.6650186112167	-13.0242162374208	-11.8605327692339	-13.6489192697882	-13.1884343071136	-11.927098916031	-13.3459595964041	-13.0253126199217	-14.6102751206429	-12.9473934245677	-12.8301190254445	-13.7767414433999	-13.3937591288623	-10.3121883834926
139HT23.fastq	-12.8415643477306	-10.3018079380689	-13.3741791345532	-14.7020103080886	-12.8192310845252	-14.4697371967806	-13.0304947197495	-15.4729763549577	-2.46088699637799	-0.602314352899245	-12.0233645235179	-13.7020103080886	-14.0215872981245	-6.78395963320629	-4.83939861963172	-6.50385171401356	-12.6157215840088	-12.8605327692339	-14.234268583804	-9.06079983856512	-14.2817851707837	-9.85434896109769	-14.4737374540671	-13.6489192697882	-14.4729763549577	-8.90325856157864	-15.1263818305426	-15.0640269646657	-9.9538846346486	-12.0335213280013	-13.7420988697783	-13.6049701327204	-3.51331204326262	-13.4384020227968	-14.1616830258014	-14.2406795487735	-14.5881680566627	-14.7249046011605	-13.8957961505405	-8.76123955670621	-8.76123955670621	-14.6615554424678	-13.6216703458454	-12.5636729598275	-13.6678876912915	-13.0242162374208	-13.4729763549577	-9.06079983856512	-8.06079983856512	-12.0200076319992	-14.7249046011605	-13.9591416352744	-13.2436202928472	-13.8661842036449	-12.5120614167522	-14.352687178175	-14.0233645235179	-15.2436202928472	-12.8745971924016	-12.894655386031	-13.4384020227968	-12.3247993548187	-14.9591416352744	-12.8301190254445	-12.6325976744462	-11.7171623071112	-13.047635173725	-12.4517906496726	-13.381079385056	-14.7284165792168	-13.6034718063924	-15.3937591288623	-13.0680584780199	-13.5323559252888	-15.139791142151	-13.6678876912915	-13.4541279012774	-14.5850799027671	-13.451146704366	-14.3924963173218	-13.6650186112167	-13.0242162374208	-11.8605327692339	-13.6489192697882	-13.1884343071136	-11.927098916031	-13.3459595964041	-13.0253126199217	-14.6102751206429	-12.9473934245677	-12.8301190254445	-13.7767414433999	-13.3937591288623	-10.3121883834926
141LT19.fastq	-12.8415643477306	-13.0493948004168	-13.3741791345532	-14.7020103080886	-12.8192310845252	-14.4697371967806	-13.0304947197495	-15.4729763549577	-3.56749522063291	-0.151172511196929	-12.0233645235179	-13.7020103080886	-14.0215872981245	-13.352687178175	-15.4681785407733	-13.927098916031	-12.6157215840088	-12.8605327692339	-14.234268583804	-14.4737374540671	-14.2817851707837	-13.7767414433999	-14.4737374540671	-13.6489192697882	-14.4729763549577	-12.6734037292041	-8.94159984015364	-10.4807586512617	-12.3108336498194	-12.0335213280013	-13.7420988697783	-13.6049701327204	-6.63213571083233	-13.4384020227968	-14.1616830258014	-14.2406795487735	-14.5881680566627	-14.7249046011605	-12.8957961505405	-11.3108336498194	-12.8957961505405	-14.6615554424678	-13.6216703458454	-12.5636729598275	-13.6678876912915	-13.0242162374208	-13.4729763549577	-10.8369024614869	-13.8957961505405	-12.0200076319992	-11.8957961505405	-13.9591416352744	-13.2436202928472	-13.8661842036449	-12.5120614167522	-14.352687178175	-14.0233645235179	-15.2436202928472	-12.8745971924016	-12.894655386031	-13.4384020227968	-12.3247993548187	-14.9591416352744	-12.8301190254445	-12.6325976744462	-11.7171623071112	-13.047635173725	-12.4517906496726	-13.381079385056	-14.7284165792168	-13.6034718063924	-15.3937591288623	-13.0680584780199	-13.5323559252888	-15.139791142151	-13.6678876912915	-13.4541279012774	-14.5850799027671	-11.1588305563743	-14.3924963173218	-13.6650186112167	-13.0242162374208	-11.8605327692339	-13.6489192697882	-13.1884343071136	-11.927098916031	-13.3459595964041	-13.0253126199217	-14.6102751206429	-12.9473934245677	-12.8301190254445	-13.7767414433999	-13.3937591288623	-10.3121883834926
136HT23.fastq	-12.8415643477306	-13.0493948004168	-13.3741791345532	-14.7020103080886	-12.8192310845252	-14.4697371967806	-13.0304947197495	-11.1508435020056	-2.96281669418795	-1.10843793574058	-12.0233645235179	-13.7020103080886	-14.0215872981245	-13.352687178175	-15.4681785407733	-8.61027512064287	-11.0253126199217	-12.8605327692339	-11.0253126199217	-8.07111630953484	-14.2817851707837	-10.3623476071993	-12.0253126199217	-13.6489192697882	-14.4729763549577	-8.08671316458586	-15.1263818305426	-15.0640269646657	-7.98091850056326	-12.0335213280013	-7.43036603062794	-13.6049701327204	-1.41798230617211	-13.4384020227968	-14.1616830258014	-10.3623476071993	-14.5881680566627	-14.7249046011605	-13.8957961505405	-8.67953778307999	-8.46052800113819	-14.6615554424678	-13.6216703458454	-12.5636729598275	-13.6678876912915	-13.0242162374208	-13.4729763549577	-9.25272311602479	-8.1184220243132	-12.0200076319992	-14.7249046011605	-13.9591416352744	-13.2436202928472	-13.8661842036449	-12.5120614167522	-14.352687178175	-14.0233645235179	-15.2436202928472	-12.8745971924016	-12.894655386031	-13.4384020227968	-12.3247993548187	-14.9591416352744	-12.8301190254445	-12.6325976744462	-11.7171623071112	-13.047635173725	-12.4517906496726	-13.381079385056	-14.7284165792168	-13.6034718063924	-15.3937591288623	-13.0680584780199	-13.5323559252888	-15.139791142151	-13.6678876912915	-13.4541279012774	-14.5850799027671	-13.451146704366	-14.3924963173218	-13.6650186112167	-13.0242162374208	-11.8605327692339	-13.6489192697882	-13.1884343071136	-11.927098916031	-13.3459595964041	-12.0253126199217	-13.6102751206429	-12.9473934245677	-12.8301190254445	-13.7767414433999	-13.3937591288623	-10.3121883834926
103LT11.fastq	-12.8415643477306	-13.0493948004168	-13.3741791345532	-13.7020103080886	-12.8192310845252	-14.4697371967806	-13.0304947197495	-9.79511971248012	-0.571681072620626	-1.95885891397614	-12.0233645235179	-12.7020103080886	-14.0215872981245	-13.352687178175	-15.4681785407733	-13.927098916031	-12.6157215840088	-12.8605327692339	-14.234268583804	-14.4737374540671	-14.2817851707837	-11.5320853066463	-12.3800822132013	-13.6489192697882	-11.7020103080886	-9.53208530664633	-15.1263818305426	-15.0640269646657	-8.34445830347056	-12.0335213280013	-13.7420988697783	-13.6049701327204	-4.09283156994666	-13.4384020227968	-14.1616830258014	-14.2406795487735	-12.7020103080886	-14.7249046011605	-13.8957961505405	-15.4700868678253	-11.5320853066463	-14.6615554424678	-13.6216703458454	-12.5636729598275	-13.6678876912915	-13.0242162374208	-13.4729763549577	-12.1170478073675	-10.0015705899476	-12.0200076319992	-14.7249046011605	-13.9591416352744	-13.2436202928472	-13.8661842036449	-12.5120614167522	-14.352687178175	-14.0233645235179	-15.2436202928472	-12.8745971924016	-11.894655386031	-13.4384020227968	-12.3247993548187	-14.9591416352744	-12.8301190254445	-12.6325976744462	-11.7171623071112	-13.047635173725	-12.4517906496726	-13.381079385056	-12.1170478073675	-13.6034718063924	-10.894655386031	-13.0680584780199	-13.5323559252888	-9.94712280592518	-13.6678876912915	-13.4541279012774	-14.5850799027671	-10.6145474668383	-14.3924963173218	-12.1170478073675	-13.0242162374208	-11.8605327692339	-13.6489192697882	-13.1884343071136	-11.927098916031	-13.3459595964041	-13.0253126199217	-12.7020103080886	-12.9473934245677	-12.8301190254445	-13.7767414433999	-13.3937591288623	-10.3121883834926
106LT11.fastq	-8.37313226474064	-13.0493948004168	-13.3741791345532	-14.7020103080886	-12.8192310845252	-14.4697371967806	-10.0360972774631	-15.4729763549577	-0.615786121620293	-2.59545877498035	-6.67464081838907	-10.0360972774631	-14.0215872981245	-13.352687178175	-11.6210597781842	-10.118559437655	-12.6157215840088	-12.8605327692339	-14.234268583804	-9.9580947654618	-14.2817851707837	-7.22874235540547	-12.2060222789054	-10.7465906602681	-14.4729763549577	-9.39866735684778	-15.1263818305426	-15.0640269646657	-9.68246032284837	-8.18365446587693	-13.7420988697783	-13.6049701327204	-3.780806375606	-13.4384020227968	-14.1616830258014	-10.6210597781842	-9.62105977818423	-14.7249046011605	-13.8957961505405	-12.2060222789054	-11.3986673568478	-14.6615554424678	-8.62105977818423	-6.89313932362103	-10.3986673568478	-10.2991316832969	-13.4729763549577	-10.3986673568478	-10.5055825607643	-12.0200076319992	-14.7249046011605	-9.62105977818423	-8.81370485612663	-13.8661842036449	-12.5120614167522	-14.352687178175	-9.9580947654618	-7.81370485612663	-12.8745971924016	-9.56216608913066	-8.34804128377781	-12.3247993548187	-14.9591416352744	-12.8301190254445	-12.6325976744462	-11.7171623071112	-9.62105977818423	-9.56216608913066	-10.2991316832969	-7.74659066026809	-11.0360972774631	-7.68246032284837	-13.0680584780199	-13.5323559252888	-7.2752849413425	-8.8484702742873	-13.4541279012774	-14.5850799027671	-13.451146704366	-14.3924963173218	-13.6650186112167	-13.0242162374208	-11.8605327692339	-9.25182596851851	-8.07673926196042	-11.927098916031	-9.74659066026809	-7.42466256538073	-7.49177676123926	-12.9473934245677	-12.8301190254445	-7.51952175172217	-10.7465906602681	-8.37313226474064
143LT19.fastq	-12.8415643477306	-13.0493948004168	-13.3741791345532	-14.7020103080886	-12.8192310845252	-14.4697371967806	-13.0304947197495	-15.4729763549577	-3.14796714876898	-0.191817872983614	-12.0233645235179	-13.7020103080886	-14.0215872981245	-13.352687178175	-15.4681785407733	-10.434396562435	-12.6157215840088	-12.8605327692339	-14.234268583804	-11.2823934689899	-14.2817851707837	-13.7767414433999	-14.4737374540671	-13.6489192697882	-14.4729763549577	-15.2465179431889	-15.1263818305426	-15.0640269646657	-11.14488994524	-12.0335213280013	-13.7420988697783	-13.6049701327204	-6.68545832660268	-13.4384020227968	-14.1616830258014	-14.2406795487735	-14.5881680566627	-14.7249046011605	-13.8957961505405	-15.4700868678253	-12.0193590631561	-14.6615554424678	-13.6216703458454	-12.5636729598275	-13.6678876912915	-13.0242162374208	-13.4729763549577	-15.0327775677729	-12.6043215638773	-12.0200076319992	-14.7249046011605	-13.9591416352744	-13.2436202928472	-13.8661842036449	-12.5120614167522	-14.352687178175	-14.0233645235179	-15.2436202928472	-12.8745971924016	-12.894655386031	-13.4384020227968	-12.3247993548187	-14.9591416352744	-12.8301190254445	-12.6325976744462	-11.7171623071112	-13.047635173725	-12.4517906496726	-13.381079385056	-14.7284165792168	-13.6034718063924	-15.3937591288623	-13.0680584780199	-13.5323559252888	-15.139791142151	-13.6678876912915	-13.4541279012774	-14.5850799027671	-13.451146704366	-14.3924963173218	-13.6650186112167	-13.0242162374208	-11.8605327692339	-13.6489192697882	-13.1884343071136	-11.927098916031	-13.3459595964041	-13.0253126199217	-14.6102751206429	-12.9473934245677	-12.8301190254445	-13.7767414433999	-13.3937591288623	-10.3121883834926
79LT18.fastq	-7.46784526015099	-6.70981805045695	-13.3741791345532	-14.7020103080886	-12.8192310845252	-10.7479531793437	-13.0304947197495	-7.09587648276403	-5.40048999234922	-2.72004718277384	-12.0233645235179	-13.7020103080886	-7.09587648276403	-13.352687178175	-15.4681785407733	-13.927098916031	-12.6157215840088	-12.8605327692339	-14.234268583804	-6.17160380892728	-14.2817851707837	-7.16299067862257	-14.4737374540671	-13.6489192697882	-14.4729763549577	-4.4838457388447	-15.1263818305426	-15.0640269646657	-6.60111179101445	-12.0335213280013	-13.7420988697783	-13.6049701327204	-0.840633274093327	-13.4384020227968	-8.80042059923786	-14.2406795487735	-14.5881680566627	-14.7249046011605	-7.53294028837287	-15.4700868678253	-6.86880757421811	-14.6615554424678	-13.6216703458454	-12.5636729598275	-13.6678876912915	-13.0242162374208	-13.4729763549577	-9.16299067862257	-7.9114519116266	-6.15442866511914	-14.7249046011605	-13.9591416352744	-6.56662341462916	-13.8661842036449	-12.5120614167522	-14.352687178175	-14.0233645235179	-7.1802686700544	-12.8745971924016	-7.42602508445636	-13.4384020227968	-12.3247993548187	-7.64841750579281	-12.8301190254445	-12.6325976744462	-11.7171623071112	-13.047635173725	-12.4517906496726	-13.381079385056	-10.233380006514	-13.6034718063924	-7.9114519116266	-13.0680584780199	-13.5323559252888	-4.65746264539582	-13.6678876912915	-10.7479531793437	-14.5850799027671	-4.79375686895685	-14.3924963173218	-13.6650186112167	-13.0242162374208	-11.8605327692339	-13.6489192697882	-6.2606873525097	-11.927098916031	-13.3459595964041	-13.0253126199217	-14.6102751206429	-12.9473934245677	-12.8301190254445	-9.64841750579281	-13.3937591288623	-10.3121883834926
154CT20.fastq	-12.8415643477306	-13.0493948004168	-13.3741791345532	-14.7020103080886	-12.8192310845252	-14.4697371967806	-13.0304947197495	-15.4729763549577	-6.67170954188691	-0.0174571238307489	-12.0233645235179	-13.7020103080886	-14.0215872981245	-13.352687178175	-15.4681785407733	-12.2566720426081	-12.6157215840088	-12.8605327692339	-14.234268583804	-14.4737374540671	-14.2817851707837	-13.7767414433999	-14.4737374540671	-13.6489192697882	-14.4729763549577	-15.2465179431889	-15.1263818305426	-14.0640269646657	-15.1169530788488	-12.0335213280013	-12.7420988697783	-13.6049701327204	-9.3091394625022	-13.4384020227968	-14.1616830258014	-14.2406795487735	-14.5881680566627	-14.7249046011605	-13.8957961505405	-15.4700868678253	-14.8881724496659	-14.6615554424678	-13.6216703458454	-12.5636729598275	-13.6678876912915	-13.0242162374208	-13.4729763549577	-12.0640269646657	-15.1653388536675	-12.0200076319992	-14.7249046011605	-13.9591416352744	-13.2436202928472	-13.8661842036449	-12.5120614167522	-14.352687178175	-14.0233645235179	-15.2436202928472	-12.8745971924016	-12.894655386031	-13.4384020227968	-12.3247993548187	-14.9591416352744	-12.8301190254445	-12.6325976744462	-11.7171623071112	-13.047635173725	-12.4517906496726	-13.381079385056	-14.7284165792168	-13.6034718063924	-15.3937591288623	-13.0680584780199	-13.5323559252888	-15.139791142151	-13.6678876912915	-13.4541279012774	-14.5850799027671	-13.451146704366	-14.3924963173218	-13.6650186112167	-13.0242162374208	-11.8605327692339	-13.6489192697882	-13.1884343071136	-11.927098916031	-13.3459595964041	-13.0253126199217	-14.6102751206429	-12.9473934245677	-12.8301190254445	-13.7767414433999	-13.3937591288623	-10.3121883834926
147LT19.fastq	-12.8415643477306	-13.0493948004168	-13.3741791345532	-14.7020103080886	-12.8192310845252	-13.4697371967806	-13.0304947197495	-15.4729763549577	-3.35079612405706	-0.184046005450479	-12.0233645235179	-13.7020103080886	-14.0215872981245	-13.352687178175	-15.4681785407733	-12.2998121953383	-12.6157215840088	-12.8605327692339	-14.234268583804	-12.0103055781433	-11.8847746960594	-13.7767414433999	-14.4737374540671	-13.6489192697882	-14.4729763549577	-12.0103055781433	-9.11218519216249	-15.0640269646657	-12.1478091018932	-12.0335213280013	-13.7420988697783	-13.6049701327204	-6.14555665016183	-13.4384020227968	-14.1616830258014	-14.2406795487735	-14.5881680566627	-14.7249046011605	-13.8957961505405	-15.4700868678253	-14.8881724496659	-14.6615554424678	-13.6216703458454	-12.5636729598275	-13.6678876912915	-13.0242162374208	-13.4729763549577	-9.06034626064287	-11.3822743555302	-12.0200076319992	-14.7249046011605	-13.9591416352744	-13.2436202928472	-13.8661842036449	-12.5120614167522	-14.352687178175	-14.0233645235179	-15.2436202928472	-12.8745971924016	-12.894655386031	-13.4384020227968	-12.3247993548187	-14.9591416352744	-12.8301190254445	-12.6325976744462	-11.7171623071112	-13.047635173725	-12.4517906496726	-13.381079385056	-14.7284165792168	-13.6034718063924	-15.3937591288623	-13.0680584780199	-13.5323559252888	-15.139791142151	-13.6678876912915	-13.4541279012774	-14.5850799027671	-8.82588100700585	-13.1478091018932	-13.6650186112167	-13.0242162374208	-11.8605327692339	-13.6489192697882	-13.1884343071136	-11.927098916031	-13.3459595964041	-13.0253126199217	-14.6102751206429	-12.9473934245677	-12.8301190254445	-13.7767414433999	-13.3937591288623	-10.3121883834926
144LT19.fastq	-12.8415643477306	-13.0493948004168	-13.3741791345532	-14.7020103080886	-12.8192310845252	-10.9494143989007	-13.0304947197495	-14.4729763549577	-3.23248313108092	-0.192713052749547	-12.0233645235179	-13.7020103080886	-14.0215872981245	-13.352687178175	-15.4681785407733	-11.3855135137074	-12.6157215840088	-12.8605327692339	-14.234268583804	-14.4737374540671	-14.2817851707837	-13.7767414433999	-11.5660857593492	-13.6489192697882	-13.4729763549577	-10.7725366368166	-8.87306351277059	-15.0640269646657	-10.7725366368166	-12.0335213280013	-13.7420988697783	-13.6049701327204	-6.82912016518299	-13.4384020227968	-14.1616830258014	-13.1510482600704	-14.5881680566627	-14.7249046011605	-13.8957961505405	-15.4700868678253	-11.6656214329001	-14.6615554424678	-13.6216703458454	-12.5636729598275	-13.6678876912915	-13.0242162374208	-12.4729763549577	-9.20618981426282	-11.5660857593492	-12.0200076319992	-14.7249046011605	-13.9591416352744	-13.2436202928472	-13.8661842036449	-12.5120614167522	-14.352687178175	-14.0233645235179	-15.2436202928472	-12.8745971924016	-12.894655386031	-13.4384020227968	-12.3247993548187	-14.9591416352744	-12.8301190254445	-12.6325976744462	-11.7171623071112	-13.047635173725	-12.4517906496726	-13.381079385056	-14.7284165792168	-13.6034718063924	-15.3937591288623	-13.0680584780199	-13.5323559252888	-13.4729763549577	-13.6678876912915	-13.4541279012774	-14.5850799027671	-8.7587308372916	-14.3924963173218	-12.1510482600704	-13.0242162374208	-11.8605327692339	-13.6489192697882	-13.1884343071136	-11.927098916031	-13.3459595964041	-13.0253126199217	-14.6102751206429	-12.9473934245677	-12.8301190254445	-13.7767414433999	-13.3937591288623	-10.3121883834926
146LT19.fastq	-12.8415643477306	-13.0493948004168	-13.3741791345532	-14.7020103080886	-12.8192310845252	-14.4697371967806	-13.0304947197495	-11.9355743364063	-3.27775968904167	-0.205151374639949	-12.0233645235179	-13.7020103080886	-14.0215872981245	-13.352687178175	-15.4681785407733	-9.93557433640632	-12.6157215840088	-12.8605327692339	-14.234268583804	-14.4737374540671	-14.2817851707837	-10.857571824405	-14.4737374540671	-13.6489192697882	-14.4729763549577	-8.46164314807391	-15.1263818305426	-15.0640269646657	-10.4050596197075	-12.0335213280013	-13.7420988697783	-13.6049701327204	-5.55283024033436	-13.4384020227968	-14.1616830258014	-14.2406795487735	-14.5881680566627	-14.7249046011605	-13.8957961505405	-11.298144415791	-14.8881724496659	-14.6615554424678	-13.6216703458454	-12.5636729598275	-13.6678876912915	-13.0242162374208	-13.4729763549577	-10.0611052184902	-9.52053683712747	-12.0200076319992	-14.7249046011605	-13.9591416352744	-13.2436202928472	-13.8661842036449	-12.5120614167522	-14.352687178175	-14.0233645235179	-15.2436202928472	-12.8745971924016	-12.894655386031	-13.4384020227968	-12.3247993548187	-14.9591416352744	-12.8301190254445	-12.6325976744462	-11.7171623071112	-13.047635173725	-12.4517906496726	-13.381079385056	-14.7284165792168	-13.6034718063924	-15.3937591288623	-13.0680584780199	-13.5323559252888	-14.1054993378486	-13.6678876912915	-13.4541279012774	-14.5850799027671	-13.451146704366	-14.3924963173218	-13.6650186112167	-13.0242162374208	-11.8605327692339	-13.6489192697882	-13.1884343071136	-11.927098916031	-13.3459595964041	-13.0253126199217	-14.6102751206429	-12.9473934245677	-12.8301190254445	-13.7767414433999	-13.3937591288623	-10.3121883834926
145LT19.fastq	-12.8415643477306	-13.0493948004168	-13.3741791345532	-14.7020103080886	-12.8192310845252	-14.4697371967806	-13.0304947197495	-15.4729763549577	-6.72490460116055	-0.0184085830993589	-12.0233645235179	-13.7020103080886	-14.0215872981245	-13.352687178175	-15.4681785407733	-13.927098916031	-12.6157215840088	-12.8605327692339	-14.234268583804	-14.4737374540671	-14.2817851707837	-13.7767414433999	-14.4737374540671	-13.6489192697882	-14.4729763549577	-15.2465179431889	-15.1263818305426	-15.0640269646657	-15.1169530788488	-12.0335213280013	-13.7420988697783	-13.6049701327204	-8.74001149355075	-13.4384020227968	-14.1616830258014	-14.2406795487735	-12.5025121798241	-13.7249046011605	-13.8957961505405	-15.4700868678253	-14.8881724496659	-14.6615554424678	-13.6216703458454	-12.5636729598275	-13.6678876912915	-13.0242162374208	-13.4729763549577	-10.7863051458247	-15.1653388536675	-12.0200076319992	-13.7249046011605	-13.9591416352744	-13.2436202928472	-13.8661842036449	-12.5120614167522	-14.352687178175	-14.0233645235179	-15.2436202928472	-12.8745971924016	-12.894655386031	-13.4384020227968	-12.3247993548187	-14.9591416352744	-12.8301190254445	-12.6325976744462	-11.7171623071112	-13.047635173725	-12.4517906496726	-13.381079385056	-14.7284165792168	-13.6034718063924	-15.3937591288623	-13.0680584780199	-13.5323559252888	-15.139791142151	-13.6678876912915	-13.4541279012774	-14.5850799027671	-13.451146704366	-14.3924963173218	-13.6650186112167	-13.0242162374208	-11.8605327692339	-13.6489192697882	-13.1884343071136	-11.927098916031	-13.3459595964041	-13.0253126199217	-14.6102751206429	-12.9473934245677	-12.8301190254445	-13.7767414433999	-13.3937591288623	-10.3121883834926
150CT20.fastq	-12.8415643477306	-13.0493948004168	-13.3741791345532	-14.7020103080886	-12.8192310845252	-14.4697371967806	-13.0304947197495	-15.4729763549577	-3.47220173999614	-0.180428163444469	-12.0233645235179	-13.7020103080886	-14.0215872981245	-13.352687178175	-15.4681785407733	-11.3001618663829	-12.6157215840088	-12.8605327692339	-14.234268583804	-14.4737374540671	-14.2817851707837	-12.4700868678253	-14.4737374540671	-13.6489192697882	-14.4729763549577	-10.4700868678253	-10.2221593543817	-10.8851243671041	-10.3826240265749	-12.0335213280013	-11.3001618663829	-13.6049701327204	-5.85721837053422	-13.4384020227968	-14.1616830258014	-14.2406795487735	-11.7696471496842	-14.7249046011605	-13.8957961505405	-14.4700868678253	-14.8881724496659	-14.6615554424678	-13.6216703458454	-12.5636729598275	-13.6678876912915	-13.0242162374208	-13.4729763549577	-9.38262402657492	-10.4256927484668	-12.0200076319992	-14.7249046011605	-13.9591416352744	-13.2436202928472	-13.8661842036449	-12.5120614167522	-14.352687178175	-14.0233645235179	-15.2436202928472	-12.8745971924016	-12.894655386031	-13.4384020227968	-12.3247993548187	-14.9591416352744	-12.8301190254445	-12.6325976744462	-11.7171623071112	-13.047635173725	-12.4517906496726	-13.381079385056	-14.7284165792168	-13.6034718063924	-15.3937591288623	-13.0680584780199	-13.5323559252888	-13.8851243671041	-13.6678876912915	-13.4541279012774	-14.5850799027671	-8.50430258316317	-14.3924963173218	-9.91549801614762	-13.0242162374208	-11.8605327692339	-13.6489192697882	-13.1884343071136	-11.927098916031	-13.3459595964041	-13.0253126199217	-14.6102751206429	-12.9473934245677	-12.8301190254445	-13.7767414433999	-13.3937591288623	-10.3121883834926
45CT5.fastq	-8.39767463294827	-9.11227241408602	-11.0757465380609	-14.7020103080886	-12.8192310845252	-14.4697371967806	-13.0304947197495	-7.81271213222711	-3.68428811801124	-2.29865564192904	-12.0233645235179	-7.51503158358643	-8.46693729538538	-7.46693729538538	-15.4681785407733	-13.927098916031	-7.04894647871719	-12.8605327692339	-11.227749631506	-3.97982211806237	-6.97140987824617	-8.00535721016951	-14.4737374540671	-13.6489192697882	-14.4729763549577	-6.65620764654712	-15.1263818305426	-15.0640269646657	-5.49680782496752	-12.0335213280013	-7.79776179076114	-13.6049701327204	-1.8505391011174	-13.4384020227968	-14.1616830258014	-14.2406795487735	-14.5881680566627	-14.7249046011605	-7.43189034828618	-15.4700868678253	-7.1980022881119	-14.6615554424678	-13.6216703458454	-12.5636729598275	-13.6678876912915	-13.0242162374208	-9.59031971089066	-7.88987999274957	-5.27097016010508	-12.0200076319992	-14.7249046011605	-13.9591416352744	-5.07124514582596	-13.8661842036449	-12.5120614167522	-14.352687178175	-14.0233645235179	-5.24792751344359	-12.8745971924016	-12.894655386031	-7.5396936378207	-12.3247993548187	-8.93824301431097	-12.8301190254445	-6.73946315019647	-11.7171623071112	-13.047635173725	-12.4517906496726	-13.381079385056	-5.45223079657036	-13.6034718063924	-6.04894647871719	-13.0680584780199	-13.5323559252888	-5.22274895044759	-6.08933560280886	-13.4541279012774	-14.5850799027671	-3.66720449576405	-7.57749567053308	-7.17850611248611	-13.0242162374208	-11.8605327692339	-13.6489192697882	-13.1884343071136	-11.927098916031	-13.3459595964041	-6.59677473302796	-14.6102751206429	-12.9473934245677	-12.8301190254445	-13.7767414433999	-10.227749631506	-10.3121883834926
40LT14.fastq	-6.80309223241936	-6.24770284708155	-13.3741791345532	-14.7020103080886	-7.64858228336374	-14.4697371967806	-13.0304947197495	-8.89369478120027	-4.7148916284115	-2.68135602452774	-6.45875772448372	-9.00472609358901	-6.15672918703406	-13.352687178175	-6.07115345532799	-13.927098916031	-12.6157215840088	-12.8605327692339	-14.234268583804	-8.15672918703406	-14.2817851707837	-6.76593923400189	-14.4737374540671	-4.59059056060456	-14.4729763549577	-5.18915066472644	-15.1263818305426	-15.0640269646657	-15.1169530788488	-7.14078764316504	-13.7420988697783	-7.00472609358901	-3.45628946889297	-7.34480153518663	-14.1616830258014	-14.2406795487735	-7.60418816400528	-14.7249046011605	-6.93433676569761	-15.4700868678253	-9.40065476992015	-14.6615554424678	-13.6216703458454	-12.5636729598275	-13.6678876912915	-13.0242162374208	-7.49883516385905	-7.18915066472644	-6.13288244507969	-5.80937849526679	-14.7249046011605	-6.05612524609565	-4.29103027874565	-6.26487799088968	-8.32665418847637	-5.92066182880054	-14.0233645235179	-4.34937426497646	-12.8745971924016	-7.06361978264258	-6.93433676569761	-12.3247993548187	-7.94814256522264	-12.8301190254445	-12.6325976744462	-11.7171623071112	-13.047635173725	-12.4517906496726	-7.0939934316861	-5.88039795858681	-10.3266541884764	-3.31319192866981	-13.0680584780199	-13.5323559252888	-4.18710283607758	-13.6678876912915	-13.4541279012774	-14.5850799027671	-4.34024325322433	-14.3924963173218	-13.6650186112167	-13.0242162374208	-6.64858228336374	-13.6489192697882	-5.80937849526679	-11.927098916031	-13.3459595964041	-5.82203379607282	-6.63735502794048	-12.9473934245677	-12.8301190254445	-10.4786572819214	-5.16074224954068	-10.3121883834926
47CT5.fastq	-12.8415643477306	-7.73235179328078	-7.50995937194433	-14.7020103080886	-12.8192310845252	-14.4697371967806	-13.0304947197495	-5.17731814584167	-3.81573668778044	-2.35504694135704	-12.0233645235179	-13.7020103080886	-5.67848492130204	-13.352687178175	-15.4681785407733	-7.45717195758489	-5.12663073239282	-12.8605327692339	-14.234268583804	-14.4737374540671	-10.9339856544504	-7.48332424544086	-14.4737374540671	-13.6489192697882	-14.4729763549577	-4.67722657404312	-15.1263818305426	-15.0640269646657	-4.97823889250015	-11.0335213280013	-9.67095124861663	-13.6049701327204	-1.46542948868977	-13.4384020227968	-14.1616830258014	-14.2406795487735	-7.21882443060257	-7.24096340787182	-7.48332424544086	-11.6709512486166	-6.5882108176087	-14.6615554424678	-13.6216703458454	-12.5636729598275	-13.6678876912915	-13.0242162374208	-13.4729763549577	-3.05665038963269	-5.90718559510671	-12.0200076319992	-14.7249046011605	-6.18982455888002	-6.30560087343814	-13.8661842036449	-12.5120614167522	-14.352687178175	-14.0233645235179	-15.2436202928472	-12.8745971924016	-12.894655386031	-13.4384020227968	-12.3247993548187	-14.9591416352744	-12.8301190254445	-12.6325976744462	-11.7171623071112	-13.047635173725	-12.4517906496726	-13.381079385056	-14.7284165792168	-13.6034718063924	-12.8408762500589	-9.38144463142165	-13.5323559252888	-15.139791142151	-13.6678876912915	-13.4541279012774	-9.34902315372927	-13.451146704366	-14.3924963173218	-13.6650186112167	-13.0242162374208	-11.8605327692339	-13.6489192697882	-13.1884343071136	-11.927098916031	-13.3459595964041	-13.0253126199217	-14.6102751206429	-12.9473934245677	-12.8301190254445	-7.60247151073387	-13.3937591288623	-10.3121883834926
37LT14.fastq	-5.07065590773643	-13.0493948004168	-13.3741791345532	-5.82421801243333	-12.8192310845252	-10.627604032288	-13.0304947197495	-15.4729763549577	-4.21169978919161	-0.6691628553812	-12.0233645235179	-6.91019123554318	-7.52068882837147	-13.352687178175	-15.4681785407733	-13.927098916031	-12.6157215840088	-12.8605327692339	-8.86861213179178	-6.21951929365091	-9.86861213179178	-5.94433945795503	-14.4737374540671	-13.6489192697882	-14.4729763549577	-5.82024911023038	-15.1263818305426	-15.0640269646657	-8.24058090917874	-12.0335213280013	-13.7420988697783	-13.6049701327204	-9.52068882837147	-13.4384020227968	-14.1616830258014	-14.2406795487735	-14.5881680566627	-14.7249046011605	-9.86861213179178	-15.4700868678253	-14.8881724496659	-14.6615554424678	-13.6216703458454	-12.5636729598275	-13.6678876912915	-13.0242162374208	-9.62760403228799	-15.0327775677729	-7.00611565554171	-12.0200076319992	-14.7249046011605	-13.9591416352744	-6.01063113666421	-13.8661842036449	-12.5120614167522	-14.352687178175	-14.0233645235179	-4.67699205925015	-12.8745971924016	-12.894655386031	-13.4384020227968	-12.3247993548187	-7.53362788407897	-12.8301190254445	-12.6325976744462	-11.7171623071112	-13.047635173725	-8.52068882837147	-13.381079385056	-14.7284165792168	-13.6034718063924	-5.47629470901302	-13.0680584780199	-13.5323559252888	-8.06125720973418	-13.6678876912915	-13.4541279012774	-14.5850799027671	-4.33510541426326	-14.3924963173218	-8.21951929365091	-13.0242162374208	-11.8605327692339	-6.4825536994847	-6.58657676402793	-11.927098916031	-13.3459595964041	-13.0253126199217	-6.17322564137697	-8.39730641286619	-12.8301190254445	-6.67699205925015	-13.3937591288623	-10.3121883834926
41CT5.fastq	-12.8415643477306	-13.0493948004168	-13.3741791345532	-14.7020103080886	-12.8192310845252	-14.4697371967806	-13.0304947197495	-7.83101928071908	-4.15004714218189	-3.10268645083768	-12.0233645235179	-13.7020103080886	-12.2904508993564	-13.352687178175	-15.4681785407733	-8.08099753372743	-8.51786139545945	-12.8605327692339	-8.13394641367639	-6.6955043100626	-14.2817851707837	-10.1749736819364	-11.5534853051902	-13.6489192697882	-11.8754134000775	-3.01122725542325	-15.1263818305426	-9.38356030374786	-4.93583418576284	-7.74613038313257	-7.89813347657762	-11.2904508993564	-1.17432357526038	-13.4384020227968	-14.1616830258014	-14.2406795487735	-9.83101928071908	-9.92121708969066	-13.8957961505405	-9.38356030374786	-9.17497368193644	-9.74613038313257	-13.6216703458454	-11.5534853051902	-13.6678876912915	-13.0242162374208	-13.4729763549577	-5.20298805810604	-9.23155721030281	-7.96852280446902	-12.8754134000775	-7.70548839863522	-5.44287149968928	-13.8661842036449	-8.50037396873061	-8.59001118121529	-8.51786139545945	-7.24605677999793	-12.8745971924016	-7.04252338591279	-13.4384020227968	-12.3247993548187	-9.59001118121529	-12.8301190254445	-12.6325976744462	-11.7171623071112	-13.047635173725	-9.51786139545945	-13.381079385056	-8.3362545889695	-5.97454659209679	-7.74613038313257	-12.0680584780199	-13.5323559252888	-7.27550055789041	-13.6678876912915	-8.41598178144024	-9.83101928071908	-13.451146704366	-14.3924963173218	-13.6650186112167	-13.0242162374208	-11.8605327692339	-13.6489192697882	-8.59001118121529	-11.927098916031	-13.3459595964041	-5.81201831878903	-5.26808308632792	-12.9473934245677	-12.8301190254445	-6.24605677999793	-7.74613038313257	-10.3121883834926
152CT20.fastq	-12.8415643477306	-13.0493948004168	-13.3741791345532	-14.7020103080886	-12.8192310845252	-14.4697371967806	-13.0304947197495	-10.5092156117159	-3.16434081191474	-0.249114251280688	-12.0233645235179	-13.7020103080886	-14.0215872981245	-13.352687178175	-15.4681785407733	-10.9453147265226	-12.6157215840088	-12.8605327692339	-12.7108494728856	-14.4737374540671	-14.2817851707837	-11.1258869721644	-13.0327775677729	-13.6489192697882	-14.4729763549577	-11.4478150670518	-15.1263818305426	-15.0640269646657	-10.3889213779982	-12.0335213280013	-13.7420988697783	-13.6049701327204	-4.59502549544931	-13.4384020227968	-14.1616830258014	-12.7108494728856	-14.5881680566627	-14.7249046011605	-13.8957961505405	-9.94531472652257	-11.5733459491356	-14.6615554424678	-13.6216703458454	-12.5636729598275	-13.6678876912915	-13.0242162374208	-13.4729763549577	-14.0327775677729	-10.2254226457153	-12.0200076319992	-14.7249046011605	-13.9591416352744	-13.2436202928472	-13.8661842036449	-12.5120614167522	-14.352687178175	-14.0233645235179	-15.2436202928472	-12.8745971924016	-12.894655386031	-13.4384020227968	-12.3247993548187	-14.9591416352744	-12.8301190254445	-12.6325976744462	-11.7171623071112	-13.047635173725	-12.4517906496726	-13.381079385056	-14.7284165792168	-13.6034718063924	-15.3937591288623	-13.0680584780199	-13.5323559252888	-11.8628525663306	-13.6678876912915	-13.4541279012774	-14.5850799027671	-13.451146704366	-14.3924963173218	-13.6650186112167	-13.0242162374208	-11.8605327692339	-13.6489192697882	-13.1884343071136	-11.927098916031	-13.3459595964041	-13.0253126199217	-14.6102751206429	-12.9473934245677	-12.8301190254445	-13.7767414433999	-13.3937591288623	-10.3121883834926
151CT20.fastq	-12.8415643477306	-13.0493948004168	-13.3741791345532	-14.7020103080886	-12.8192310845252	-14.4697371967806	-13.0304947197495	-15.4729763549577	-6.52206460767051	-0.0169037047573076	-12.0233645235179	-13.7020103080886	-14.0215872981245	-13.352687178175	-15.4681785407733	-13.927098916031	-12.6157215840088	-12.8605327692339	-14.234268583804	-14.4737374540671	-14.2817851707837	-13.7767414433999	-14.4737374540671	-13.6489192697882	-14.4729763549577	-15.2465179431889	-15.1263818305426	-15.0640269646657	-15.1169530788488	-12.0335213280013	-13.7420988697783	-13.6049701327204	-11.4349539439005	-13.4384020227968	-14.1616830258014	-14.2406795487735	-14.5881680566627	-14.7249046011605	-13.8957961505405	-15.4700868678253	-14.8881724496659	-14.6615554424678	-13.6216703458454	-12.5636729598275	-13.6678876912915	-13.0242162374208	-13.4729763549577	-15.0327775677729	-15.1653388536675	-12.0200076319992	-14.7249046011605	-13.9591416352744	-13.2436202928472	-13.8661842036449	-12.5120614167522	-14.352687178175	-14.0233645235179	-15.2436202928472	-12.8745971924016	-12.894655386031	-13.4384020227968	-12.3247993548187	-14.9591416352744	-12.8301190254445	-12.6325976744462	-11.7171623071112	-13.047635173725	-12.4517906496726	-13.381079385056	-14.7284165792168	-13.6034718063924	-15.3937591288623	-13.0680584780199	-13.5323559252888	-11.2650289424582	-13.6678876912915	-13.4541279012774	-14.5850799027671	-13.451146704366	-14.3924963173218	-13.6650186112167	-13.0242162374208	-11.8605327692339	-13.6489192697882	-13.1884343071136	-11.927098916031	-13.3459595964041	-13.0253126199217	-14.6102751206429	-12.9473934245677	-12.8301190254445	-13.7767414433999	-13.3937591288623	-10.3121883834926
156CT24.fastq	-12.8415643477306	-13.0493948004168	-13.3741791345532	-14.7020103080886	-12.8192310845252	-14.4697371967806	-13.0304947197495	-12.3937591288623	-3.50653851339389	-0.146573322823283	-12.0233645235179	-13.7020103080886	-14.0215872981245	-13.352687178175	-15.4681785407733	-11.8087966281411	-12.6157215840088	-12.8605327692339	-14.234268583804	-13.0718310339749	-14.2817851707837	-11.3937591288623	-14.4737374540671	-13.6489192697882	-14.4729763549577	-11.4868685332538	-10.3493650095038	-15.0640269646657	-12.5864042068047	-12.0335213280013	-11.934327510225	-13.6049701327204	-7.79384628667515	-13.4384020227968	-14.1616830258014	-14.2406795487735	-14.5881680566627	-14.7249046011605	-13.8957961505405	-15.4700868678253	-14.8881724496659	-14.6615554424678	-13.6216703458454	-12.5636729598275	-13.6678876912915	-13.0242162374208	-13.4729763549577	-10.8087966281411	-12.5864042068047	-12.0200076319992	-14.7249046011605	-13.9591416352744	-13.2436202928472	-13.8661842036449	-12.5120614167522	-14.352687178175	-14.0233645235179	-15.2436202928472	-12.8745971924016	-12.894655386031	-13.4384020227968	-12.3247993548187	-14.9591416352744	-12.8301190254445	-12.6325976744462	-11.7171623071112	-13.047635173725	-12.4517906496726	-13.381079385056	-14.7284165792168	-13.6034718063924	-14.3937591288623	-13.0680584780199	-13.5323559252888	-15.139791142151	-13.6678876912915	-13.4541279012774	-14.5850799027671	-10.5357781337347	-14.3924963173218	-13.6650186112167	-13.0242162374208	-11.8605327692339	-13.6489192697882	-13.1884343071136	-11.927098916031	-13.3459595964041	-13.0253126199217	-14.6102751206429	-12.9473934245677	-12.8301190254445	-13.7767414433999	-12.3937591288623	-10.3121883834926
160CT24.fastq	-12.8415643477306	-13.0493948004168	-13.3741791345532	-14.7020103080886	-12.8192310845252	-14.4697371967806	-13.0304947197495	-15.4729763549577	-2.617462234769	-0.308031208654372	-12.0233645235179	-13.7020103080886	-14.0215872981245	-13.352687178175	-15.4681785407733	-10.2957689344205	-12.6157215840088	-12.8605327692339	-14.234268583804	-14.4737374540671	-14.2817851707837	-13.7767414433999	-14.4737374540671	-13.6489192697882	-14.4729763549577	-15.2465179431889	-15.1263818305426	-15.0640269646657	-15.1169530788488	-12.0335213280013	-13.7420988697783	-13.6049701327204	-5.1325385855522	-13.4384020227968	-14.1616830258014	-14.2406795487735	-14.5881680566627	-14.7249046011605	-13.8957961505405	-15.4700868678253	-14.8881724496659	-14.6615554424678	-13.6216703458454	-12.5636729598275	-13.6678876912915	-13.0242162374208	-13.4729763549577	-15.0327775677729	-15.1653388536675	-12.0200076319992	-14.7249046011605	-13.9591416352744	-13.2436202928472	-13.8661842036449	-12.5120614167522	-14.352687178175	-14.0233645235179	-15.2436202928472	-12.8745971924016	-12.894655386031	-13.4384020227968	-12.3247993548187	-14.9591416352744	-12.8301190254445	-12.6325976744462	-11.7171623071112	-13.047635173725	-12.4517906496726	-13.381079385056	-14.7284165792168	-13.6034718063924	-15.3937591288623	-13.0680584780199	-13.5323559252888	-15.139791142151	-13.6678876912915	-13.4541279012774	-14.5850799027671	-13.451146704366	-14.3924963173218	-13.6650186112167	-13.0242162374208	-11.8605327692339	-13.6489192697882	-13.1884343071136	-11.927098916031	-13.3459595964041	-13.0253126199217	-14.6102751206429	-12.9473934245677	-12.8301190254445	-13.7767414433999	-13.3937591288623	-10.3121883834926
159CT24.fastq	-12.8415643477306	-13.0493948004168	-13.3741791345532	-14.7020103080886	-12.8192310845252	-14.4697371967806	-13.0304947197495	-15.4729763549577	-6.27720546738444	-0.0319198887287264	-12.0233645235179	-13.7020103080886	-14.0215872981245	-13.352687178175	-15.4681785407733	-11.4064884843294	-12.6157215840088	-12.8605327692339	-14.234268583804	-14.4737374540671	-14.2817851707837	-13.7767414433999	-14.4737374540671	-13.6489192697882	-14.4729763549577	-11.6129393617968	-15.1263818305426	-15.0640269646657	-12.5060241578803	-12.0335213280013	-13.7420988697783	-13.6049701327204	-7.16363196043324	-13.4384020227968	-14.1616830258014	-14.2406795487735	-12.3133790799379	-14.7249046011605	-13.8957961505405	-15.4700868678253	-14.8881724496659	-14.6615554424678	-13.6216703458454	-12.5636729598275	-13.6678876912915	-13.0242162374208	-13.4729763549577	-10.1434540784956	-15.1653388536675	-12.0200076319992	-14.7249046011605	-13.9591416352744	-13.2436202928472	-13.8661842036449	-12.5120614167522	-14.352687178175	-14.0233645235179	-15.2436202928472	-12.8745971924016	-12.894655386031	-13.4384020227968	-12.3247993548187	-14.9591416352744	-12.8301190254445	-12.6325976744462	-11.7171623071112	-13.047635173725	-12.4517906496726	-13.381079385056	-13.7284165792168	-13.6034718063924	-15.3937591288623	-13.0680584780199	-13.5323559252888	-15.139791142151	-13.6678876912915	-13.4541279012774	-14.5850799027671	-13.451146704366	-14.3924963173218	-13.6650186112167	-13.0242162374208	-11.8605327692339	-13.6489192697882	-13.1884343071136	-11.927098916031	-13.3459595964041	-13.0253126199217	-14.6102751206429	-12.9473934245677	-12.8301190254445	-13.7767414433999	-13.3937591288623	-10.3121883834926
149CT20.fastq	-12.8415643477306	-13.0493948004168	-13.3741791345532	-14.7020103080886	-12.8192310845252	-14.4697371967806	-13.0304947197495	-8.79502498396139	-3.64731126160923	-0.148061332034685	-12.0233645235179	-13.7020103080886	-14.0215872981245	-13.352687178175	-15.4681785407733	-11.9470280774064	-12.6157215840088	-12.8605327692339	-14.234268583804	-11.0294902375984	-14.2817851707837	-7.85016653815385	-14.4737374540671	-13.6489192697882	-11.3095981567911	-15.2465179431889	-15.1263818305426	-15.0640269646657	-14.1169530788488	-12.0335213280013	-11.5319905781276	-13.6049701327204	-7.40270756118263	-13.4384020227968	-14.1616830258014	-14.2406795487735	-12.7950249839614	-14.7249046011605	-13.8957961505405	-9.36206557668528	-11.0294902375984	-14.6615554424678	-13.6216703458454	-12.5636729598275	-13.6678876912915	-13.0242162374208	-13.4729763549577	-11.6575214602115	-11.7950249839614	-12.0200076319992	-10.3095981567911	-13.9591416352744	-13.2436202928472	-13.8661842036449	-12.5120614167522	-14.352687178175	-14.0233645235179	-15.2436202928472	-12.8745971924016	-12.894655386031	-13.4384020227968	-12.3247993548187	-14.9591416352744	-12.8301190254445	-12.6325976744462	-11.7171623071112	-13.047635173725	-12.4517906496726	-13.381079385056	-14.7284165792168	-13.6034718063924	-15.3937591288623	-13.0680584780199	-13.5323559252888	-12.3095981567911	-13.6678876912915	-13.4541279012774	-14.5850799027671	-13.451146704366	-14.3924963173218	-13.6650186112167	-13.0242162374208	-11.8605327692339	-13.6489192697882	-13.1884343071136	-11.927098916031	-13.3459595964041	-13.0253126199217	-14.6102751206429	-12.9473934245677	-12.8301190254445	-13.7767414433999	-13.3937591288623	-10.3121883834926
155CT24.fastq	-12.8415643477306	-11.5548286414299	-13.3741791345532	-14.7020103080886	-12.8192310845252	-14.4697371967806	-13.0304947197495	-13.139791142151	-3.23102325930182	-0.342180273613601	-12.0233645235179	-13.7020103080886	-14.0215872981245	-13.352687178175	-15.4681785407733	-10.4393514240099	-12.6157215840088	-12.8605327692339	-14.234268583804	-10.4959349523763	-14.2817851707837	-10.7474737193723	-11.0523283009007	-13.6489192697882	-14.4729763549577	-9.20905380458812	-15.1263818305426	-15.0640269646657	-8.5104345220714	-12.0335213280013	-10.616229186094	-13.6049701327204	-3.46471622176557	-13.4384020227968	-14.1616830258014	-14.2406795487735	-11.6803595235137	-14.7249046011605	-13.8957961505405	-9.23290054654249	-9.49593495237628	-14.6615554424678	-13.6216703458454	-12.5636729598275	-13.6678876912915	-13.0242162374208	-12.3324362200934	-11.5548286414299	-9.01050812520604	-12.0200076319992	-12.139791142151	-13.9591416352744	-13.2436202928472	-13.8661842036449	-12.5120614167522	-14.352687178175	-14.0233645235179	-15.2436202928472	-12.8745971924016	-12.894655386031	-13.4384020227968	-12.3247993548187	-14.9591416352744	-12.8301190254445	-12.6325976744462	-11.7171623071112	-13.047635173725	-12.4517906496726	-13.381079385056	-14.7284165792168	-13.6034718063924	-15.3937591288623	-13.0680584780199	-13.5323559252888	-14.139791142151	-13.6678876912915	-13.4541279012774	-14.5850799027671	-13.451146704366	-14.3924963173218	-13.6650186112167	-13.0242162374208	-11.8605327692339	-13.6489192697882	-13.1884343071136	-11.927098916031	-13.3459595964041	-13.0253126199217	-14.6102751206429	-12.9473934245677	-12.8301190254445	-13.7767414433999	-13.3937591288623	-10.3121883834926
23HT3.fastq	-9.3371758685863	-13.0493948004168	-13.3741791345532	-14.7020103080886	-12.8192310845252	-14.4697371967806	-13.0304947197495	-15.4729763549577	-3.91763697707251	-0.291143253832092	-12.0233645235179	-13.7020103080886	-14.0215872981245	-13.352687178175	-15.4681785407733	-13.927098916031	-12.6157215840088	-12.8605327692339	-14.234268583804	-14.4737374540671	-14.2817851707837	-13.7767414433999	-14.4737374540671	-13.6489192697882	-14.4729763549577	-15.2465179431889	-15.1263818305426	-15.0640269646657	-15.1169530788488	-12.0335213280013	-13.7420988697783	-13.6049701327204	-7.57164112222332	-13.4384020227968	-14.1616830258014	-14.2406795487735	-14.5881680566627	-14.7249046011605	-13.8957961505405	-9.65910396347366	-10.0741414627525	-14.6615554424678	-13.6216703458454	-12.5636729598275	-13.6678876912915	-13.0242162374208	-13.4729763549577	-15.0327775677729	-15.1653388536675	-12.0200076319992	-14.7249046011605	-13.9591416352744	-8.48917896203135	-13.8661842036449	-6.37370174461141	-6.95866424533257	-14.0233645235179	-4.91763697707251	-12.8745971924016	-8.85174904141606	-13.4384020227968	-12.3247993548187	-14.9591416352744	-12.8301190254445	-12.6325976744462	-11.7171623071112	-13.047635173725	-12.4517906496726	-13.381079385056	-14.7284165792168	-13.6034718063924	-5.37370174461141	-13.0680584780199	-13.5323559252888	-7.2667865406949	-13.6678876912915	-13.4541279012774	-14.5850799027671	-13.451146704366	-14.3924963173218	-13.6650186112167	-13.0242162374208	-8.65910396347366	-13.6489192697882	-7.2667865406949	-11.927098916031	-13.3459595964041	-7.57164112222332	-8.65910396347366	-8.85174904141606	-12.8301190254445	-13.7767414433999	-13.3937591288623	-10.3121883834926
26HT3.fastq	-12.8415643477306	-12.0493948004168	-13.3741791345532	-14.7020103080886	-12.8192310845252	-9.72746670552946	-13.0304947197495	-5.11079534508096	-9.54689445988764	-1.41988638960206	-4.26040464576778	-8.15862387017158	-6.23347786485579	-13.352687178175	-15.4681785407733	-13.927098916031	-12.6157215840088	-12.8605327692339	-14.234268583804	-9.63435730113798	-5.45196294773345	-5.30792781401567	-14.4737374540671	-13.6489192697882	-14.4729763549577	-2.70806130635686	-15.1263818305426	-15.0640269646657	-15.1169530788488	-12.0335213280013	-13.7420988697783	-13.6049701327204	-4.88448787374113	-13.4384020227968	-14.1616830258014	-14.2406795487735	-14.5881680566627	-14.7249046011605	-7.04939480041682	-6.42490393550903	-4.99230560821	-14.6615554424678	-13.6216703458454	-12.5636729598275	-13.6678876912915	-13.0242162374208	-13.4729763549577	-6.42490393550903	-5.53632521817745	-12.0200076319992	-14.7249046011605	-13.9591416352744	-13.2436202928472	-13.8661842036449	-12.5120614167522	-14.352687178175	-14.0233645235179	-15.2436202928472	-12.8745971924016	-12.894655386031	-5.3351492827507	-12.3247993548187	-4.80622081694387	-12.8301190254445	-12.6325976744462	-11.7171623071112	-13.047635173725	-12.4517906496726	-13.381079385056	-14.7284165792168	-13.6034718063924	-13.634357301138	-13.0680584780199	-8.82700237908037	-3.5763655783788	-13.6678876912915	-13.4541279012774	-14.5850799027671	-7.24203987835922	-14.3924963173218	-13.6650186112167	-13.0242162374208	-11.8605327692339	-13.6489192697882	-13.1884343071136	-11.927098916031	-13.3459595964041	-5.80780881384706	-4.85792426869324	-12.9473934245677	-12.8301190254445	-13.7767414433999	-13.3937591288623	-10.3121883834926
